vessel_id,vessel_name,vessel_type,vessel_age,gross_tonnage,engine_type,flag_state,operator_company,last_inspection_date,compliance_status,policy_id,previous_premium,past_claims_count,total_claim_amount,claim_reason,last_claim_date,policy_coverage,timestamp,latitude,longitude,speed_knots,course_degrees,destination,port_of_departure,next_port,region,piracy_risk,war_zone_risk,historical_piracy_incidents,historical_collision_incidents,marine_traffic_density,weather_condition,wave_height_m,wind_speed_knots,sea_temperature_C,storm_risk_score,crew_experience_avg_years,safety_incidents_last_5yrs,maintenance_frequency,emergency_response_time,insurance_premium_pred,risk_category,risk_score
VSL-1000,Estonia,3,18.46849315068493,1.3205698844019131,2,1,2,2006-09-18,False,POL-5000,1.0509812704941495,1.4446043452840671,-0.5553206834260729,8,2003-05-05,-0.11208892443535111,2018-02-26,59.3833,21.6833,1.2934798744621896,-0.9288964784146279,39,9,27,2,-0.7533032676859402,-0.9603980128464132,-0.5903772052590865,1.3437560411539229,-0.875023852285448,1,-0.9946362960289837,0.9472427924455453,-1.2218636718091038,-1.5776932320039252,-1.2740104654853954,1.4568251403196442,0.4470701517547181,1.500812256789055,1.3200396028369257,Low,24.78636308035492
VSL-1001,Estonia,2,19.208219178082192,1.026466665763059,1,9,5,2005-12-22,False,POL-5001,1.7033219327901483,-1.4705165308497006,1.2077725878575793,5,,2.785146328516522,2001-02-27,59.3833,21.6833,-1.4164117098801545,0.54155504074315,45,48,25,2,-0.7533032676859402,-0.9603980128464132,-0.5903772052590865,1.1547312776280507,0.5490655998970172,5,1.0956462957172575,1.237223213052923,-0.8509808288331868,0.08794348312723946,-0.04431310543241755,-0.5059632223864633,1.487192545633043,1.0638844203836406,2.6266352958747037,Medium,40.00104172445393
VSL-1002,Titanic,4,22.40821917808219,0.3833019034899994,2,5,6,2002-10-11,True,POL-5002,1.2055755311203873,1.4446043452840671,-0.6165529617849319,1,2002-09-03,0.170874327281931,2017-08-13,41.7325,-49.9469,-0.3007103008499375,-0.9656577663935723,11,9,23,1,-0.7533032676859402,-0.7376023092785784,0.14575397336820345,-0.6725081031220476,1.3628310011441402,0,0.5419775112057094,1.063959911740015,-0.2231675526072867,1.3692024947665968,-1.5024076446477774,1.4568251403196442,1.0073837633176548,-0.5077775443459408,1.1034313515955874,High,38.68949891165392
VSL-1003,Deepwater Horizon,2,24.043835616438358,-1.2168266601911841,2,3,0,2001-02-21,True,POL-5003,-0.8941870028714661,-0.17490725256802606,-1.2827770478786817,3,,-0.8379484942024422,2016-03-03,28.7361,-88.3653,-1.6249540293250546,1.1664969363852056,31,23,19,3,-0.06514559318599468,0.15358050499276069,-0.5903772052590865,0.587656987050434,0.1421828992734557,3,-0.6775572564408725,0.22265421645285993,0.2713429046939358,0.08794348312723946,-1.097719106664241,0.47543095896659043,-1.1501456605166414,1.6019099210637118,-1.204186838057639,High,53.3728860729458
VSL-1004,Sewol,5,19.378082191780823,-0.6232766345104105,3,8,2,2005-10-21,False,POL-5004,0.08116768201329425,1.2826531854988577,1.1667915318103712,6,2017-09-12,0.5394047730737075,2011-02-06,34.2167,125.9333,-0.257843268519597,-1.5446480520619472,31,40,13,8,-0.2945314846859766,0.15358050499276069,-0.5903772052590865,0.7766817505763062,-1.654882361813941,4,-1.3434232395759063,-1.7818354409956394,-0.011388074154371954,-1.5776932320039252,-0.24405208340712448,-0.9966603130629902,1.683624328997061,-0.7163641045448021,-0.04753807208694244,Low,35.41910619113807
VSL-1005,Empress of Ireland,5,18.027397260273972,0.4087109281879064,0,1,8,2007-02-26,False,POL-5005,0.8143901245155052,-1.6324676906349098,-0.3801493546739934,6,,1.2316949584817252,2015-01-21,41.372274,-9.493071,0.45235918603442465,-1.5905996620356277,28,38,30,7,-0.2945314846859766,2.3815375406711086,-0.44315096953362854,0.5246487325418099,1.1932965425509896,0,1.188330938058398,-0.5726170870628738,0.15739049496800187,0.8599020376399523,0.33779624373658673,-1.487357403739517,-0.9633744566623291,-1.1062292351671863,-0.11968528485100212,Low,41.3587160199635
VSL-1006,Bulgaria,7,23.438356164383563,1.2538392600542334,0,1,3,2001-09-30,True,POL-5006,0.6867106865388785,-1.4705165308497006,-0.8377102704150725,1,,-0.2600420164282151,2010-04-23,-83.727956,-159.840469,-0.9970099341076327,0.34855827885369167,9,26,28,0,2.2745905001138205,2.9162472292339126,0.07214085550547444,-1.1135658846824161,-0.09516534275695515,4,-0.4458456505880219,-0.7379059268090792,1.6183463894731358,-0.6007332356289151,-0.7868210452949148,-0.9966603130629902,0.4824922766236398,-1.5379278820411528,0.0169121752652468,Medium,75.75531690716701
VSL-1007,Estonia,7,21.66849315068493,-1.3512356009009592,2,5,7,2003-07-08,True,POL-5007,-0.567485042408399,-1.1466142112792819,0.4065441900205244,6,,-0.5696602053089502,2017-01-31,59.3833,21.6833,-0.9043244587987881,-1.0391803423514612,20,4,42,2,-0.5239173761859585,-0.9603980128464132,-0.5903772052590865,1.3437560411539229,0.9898551922392088,5,1.6078508981288222,1.6682066131806383,1.1141607275725411,-1.4815988061309733,0.9092234068120526,0.8025623527509417,-1.4335226594680117,1.3381263602551239,-0.7138992912127302,Medium,43.78243814694304
VSL-1008,Costa Concordia,5,23.208219178082192,-1.205231284565559,2,8,1,2001-12-23,True,POL-5008,-0.9003494473662769,0.9587508659284391,-0.6950796677820492,2,,-1.0512728455367901,2012-08-23,42.3636,10.9214,0.8729195302483074,0.8632163105589139,32,24,31,5,-0.2945314846859766,-0.2920109021429088,-0.5903772052590865,1.2807477866452988,1.1932965425509896,3,-0.6946307431879247,-1.1587400122155362,0.03376288064269618,-0.39252864623751954,-1.1463512056493872,0.3118652620744148,-1.3530178302204634,-0.6634911881712746,-0.7520787747042773,High,47.17293316935705
VSL-1009,Herald of Free Enterprise,2,17.27123287671233,0.2683165261597913,1,9,8,2007-11-29,True,POL-5009,1.3438615815089732,-0.4988095721384447,0.7932210523638595,3,,0.7102682924121705,2009-11-24,86.996546,-67.266102,0.7477941385813669,-1.0483706643461972,6,2,34,4,0.21011747661398356,1.312118163545502,-0.14869849808271254,-1.1765741391910403,-0.9767445274413384,5,-1.4922064812287892,0.34807074836555085,-0.090939756415873,0.08794348312723946,1.4832558609045794,-0.17883182860211208,-1.4335226594680117,-0.5629745449556676,1.6028614985922987,High,52.74468809582773
VSL-1010,Bulgaria,7,21.887671232876713,-0.017008787418658144,2,4,1,2003-04-19,False,POL-5010,-0.834083372183995,-0.012956092782816757,-0.8068894590657864,0,,-0.6502215897979194,2017-03-01,23.713384,63.125479,1.4684237091076335,-0.8553739024567389,25,41,16,7,3.146256887813752,-0.2920109021429088,-0.22231161594544155,-0.2944585760703031,-0.36642047650599613,4,-0.6287758657350092,0.7928282184721164,-1.2842149903383884,-1.5040208388346619,-0.798110639702181,-0.17883182860211208,0.5501163331915802,-0.6385072826321352,-0.7955760916469584,Medium,59.46971114636038
VSL-1011,Estonia,0,14.038356164383561,1.4237887489285,0,3,4,2011-02-21,True,POL-5011,-0.20517814524889808,-1.6324676906349098,-0.31796332184817094,2,,-0.89524819256823,2005-11-09,59.3833,21.6833,0.11058149583306028,0.008516365048455554,44,15,46,2,-0.7533032676859402,-0.9603980128464132,-0.5903772052590865,-1.2395823936996642,-1.654882361813941,0,0.10294499485293974,0.6003537142939693,-1.6507977423812512,0.4723211866190467,1.1966738490278264,0.14829956518223916,-1.1018427629681122,-0.989444002298186,-0.13749151799419557,Low,10.507845045230736
VSL-1012,Estonia,7,11.857534246575343,-0.7980366259881516,1,2,6,2013-04-27,True,POL-5012,-0.642290248912024,-0.17490725256802606,-0.8805190626366906,8,,-0.3728425200909247,2012-02-01,59.3833,21.6833,0.6956585587201419,1.1940679023694138,30,48,5,2,-0.7533032676859402,-0.9603980128464132,-0.5903772052590865,-1.3025906482082883,-0.19688601791284552,5,-0.5848726140997323,1.3977998709642583,1.287239387627969,0.4723211866190467,0.9578555057971985,-1.3237917068473415,1.0846683993953012,-0.8744018326063351,-0.47988793885690617,Medium,19.563355841218613
VSL-1013,Empress of Ireland,3,17.386301369863013,0.351435958417886,0,1,8,2007-10-18,True,POL-5013,-0.3584425731170164,1.4446043452840671,0.42877073062501087,5,,-0.022061359999577288,2005-08-30,58.144838,-177.783339,-0.5370582628874914,0.6426485826852473,35,24,23,5,0.026608763413998024,-0.2920109021429088,1.1763376234464094,-1.1135658846824161,1.023762083957839,1,-0.8629265411231529,-0.7241318568302286,-1.3153906496030305,-1.5776932320039252,-0.820689828516713,-0.17883182860211208,-0.5576301172546853,0.2086214214624044,-0.7111102970055758,Medium,24.452544533917195
VSL-1014,Deepwater Horizon,0,16.904109589041095,0.6359449346375586,1,0,8,2008-04-11,True,POL-5014,-0.18390760572167822,-0.4988095721384447,-0.05678268268252535,1,,-0.28836747112647965,2004-06-09,28.7361,-88.3653,-0.8220660994621884,-1.103512596314614,45,43,43,3,-0.06514559318599468,0.15358050499276069,-0.5903772052590865,-1.5546236662427846,1.057668975676469,4,0.31270497488815213,-1.0159246550664025,-0.9649332385591206,1.3692024947665968,-0.8615060544506749,-0.5059632223864633,0.29894126593922943,0.8692423656019733,-0.0005005805067884394,Medium,41.436008316803566
VSL-1015,Costa Concordia,5,24.26027397260274,-0.7400448474971074,3,4,4,2000-12-04,True,POL-5015,1.7074818562335077,0.31094622678760186,0.774724152165324,8,2014-08-05,0.3343044371164033,2006-07-13,42.3636,10.9214,0.9308479523163352,1.6811549680904279,7,3,16,5,-0.2945314846859766,0.15358050499276069,-0.5903772052590865,-0.48348333959617534,0.6846931667715377,1,0.6566137793644883,1.1324677861085077,-0.44032214472651937,-0.39252864623751954,-1.1446143449713464,0.9661280496431173,-1.559110193094187,-1.6140416407766704,1.650778565529931,Medium,41.31736004169056
VSL-1016,Empress of Ireland,5,12.323287671232876,1.5389526412863055,2,1,3,2012-11-08,False,POL-5016,0.39429805742722435,1.1207020257136484,0.8948046745803576,1,2014-03-10,0.3435401953387542,2007-04-22,78.787887,-120.006455,-0.6784036127334793,-1.2505577482303918,40,39,26,7,-0.2945314846859766,2.3815375406711086,2.5013737449755316,-1.2395823936996642,-0.875023852285448,0,0.9761318884878925,0.14290960078583093,1.5979209575411286,-1.324644577205152,-0.01739176492278326,-0.17883182860211208,0.7014654121769712,1.0197268198958596,0.4312109171011501,Medium,33.15003932112137
VSL-1017,Estonia,2,24.98904109589041,-0.33802784803860525,0,1,8,2000-03-13,True,POL-5017,0.8388786416025107,-1.4705165308497006,0.6623584648844252,3,,-0.021566882382106606,2005-01-01,59.3833,21.6833,-1.2275650539383836,-0.36828683673572504,28,18,26,2,-0.7533032676859402,-0.9603980128464132,-0.5903772052590865,1.2807477866452988,-0.9767445274413384,0,-1.1214679118642281,-0.6353253530192192,-0.13179062027988694,0.08794348312723946,-0.6652407978320498,-0.9966603130629902,-0.7057590030701743,-0.4020317115988858,0.7881252989038963,High,28.81935692950115
VSL-1018,Empress of Ireland,0,18.813698630136987,1.1502535283396513,3,1,2,2006-05-15,False,POL-5018,-1.3059058069847045,-1.4705165308497006,-1.0480475125906454,3,,-1.0377964888823754,2008-03-18,39.564133,-141.407689,0.7883440340289866,0.45884214279052504,44,3,8,0,0.3477490115139726,1.3566773042590685,0.4402064448191194,-0.10543381254443088,1.057668975676469,5,0.012699422047092866,-1.553475859767329,-1.5454455145214254,-1.5776932320039252,0.9821715552897716,0.47543095896659043,0.40198744737609116,1.354394949908517,-1.0665324933958902,Low,56.65213182437243
VSL-1019,Exxon Valdez,5,20.17808219178082,0.07338346858126717,2,7,6,2005-01-02,True,POL-5019,-0.09757384031103951,-0.4988095721384447,-0.5582124585251523,2,2018-02-12,-0.5453483706701052,2008-01-14,60.8372,-146.8953,0.16503421257700635,-0.7726610045041139,27,13,36,6,-0.2945314846859766,0.15358050499276069,-0.5903772052590865,-0.9245411211565439,-0.9428376357227083,5,-0.6507274915526476,0.5470698120073637,0.9690326585819649,0.34419528545511086,1.0412248183431632,1.6203908372118199,1.541935829521376,-0.5060344811687917,0.1410825287435872,Medium,54.512146167135676
VSL-1020,Prestige,7,19.824657534246576,-1.6399211633133033,0,9,6,2005-05-11,False,POL-5020,0.3122810714235717,-0.012956092782816757,-0.7112942477162632,4,,1.0517531773731223,2018-08-13,42.15,-9.0,1.4985464885830082,-0.9472771224041,45,26,3,1,-0.5239173761859585,-0.7376023092785784,-0.5903772052590865,1.406764295662547,-1.5870685783766807,3,0.5883198323762794,-0.22246572917946505,0.728227566330935,1.3692024947665968,1.2175161771643177,1.2932594434274685,-0.725080162089586,-0.5135877549364385,0.2078242149221752,High,50.26884148534073
VSL-1021,Prestige,5,18.35890410958904,0.7466113766769139,2,1,0,2006-10-28,True,POL-5021,0.12754646651479878,-0.012956092782816757,0.3763728706849221,8,2000-12-03,-0.40156305021854266,2002-04-13,42.15,-9.0,1.0548147755419148,0.9183582425273306,34,47,21,1,-0.2945314846859766,0.15358050499276069,-0.5903772052590865,0.020582696472817283,1.26111032598825,2,-0.23364660101751664,0.7616553232568233,-1.5583457873205877,0.7285729889469181,-1.6179088797374994,-0.17883182860211208,0.9977231838079492,-0.5955117242624536,0.5515282610009289,Medium,38.064836059167106
VSL-1022,Deepwater Horizon,6,15.854794520547944,1.5665434841740178,3,7,6,2009-04-29,True,POL-5022,-0.21018973885499578,-0.012956092782816757,0.056138372798449784,7,,-0.08665980821825044,2017-11-12,28.7361,-88.3653,1.6086104905122611,1.3227324102957194,1,17,42,3,0.16424029831398715,0.5991719121284305,-0.5903772052590865,-0.48348333959617534,1.566272351455921,0,-0.3092577566116048,0.9265816874772693,-1.0272845570884053,1.3692024947665968,-1.3747483848117694,1.129693746535293,-0.22273002758488403,0.13657481014023512,-0.660665432405276,Medium,39.03629769188007
VSL-1023,Herald of Free Enterprise,5,14.482191780821918,0.7276206471405973,3,0,5,2010-09-12,True,POL-5023,1.5283258149375119,-0.012956092782816757,0.1415228217289958,6,2008-01-12,0.4021725815338261,2005-11-04,9.621823,-108.235009,-0.1558892456798678,-0.10176749888837779,24,41,33,0,-0.2945314846859766,0.15358050499276069,1.9124688020736993,1.4697725501711711,-1.2140927694717492,1,1.1224760606054827,0.4191159514143582,0.4702221103476885,0.6869320710686391,-0.588818927998249,0.3118652620744148,-0.058500175919885426,1.0923544522770785,2.349966101053151,High,43.89945810429392
VSL-1024,Exxon Valdez,6,21.745205479452054,1.2269504701883438,1,0,3,2003-06-10,False,POL-5024,-0.38883308696581337,0.47289738657281116,0.6672473236228248,4,2018-10-08,0.14897532304182803,2011-12-30,60.8372,-146.8953,-0.5903524111900769,-0.2671932947936278,26,40,24,6,0.16424029831398715,0.5991719121284305,-0.5903772052590865,0.33562396901593766,0.1421828992734557,5,0.8200314382291303,-0.1311218966881412,0.8421799760568687,0.34419528545511086,1.4146498641219627,-0.015266131709936454,1.0267049223370666,-0.9226265805074645,-0.03974744447859841,Medium,59.84165294790388
VSL-1025,Estonia,4,16.095890410958905,0.7267648165868982,1,4,1,2009-01-31,True,POL-5025,0.770570907324916,1.2826531854988577,-0.38330344492464086,2,,-0.30181843306130235,2018-01-04,59.3833,21.6833,-0.9622528808668159,-1.1402738842935585,17,26,26,2,-0.7533032676859402,-0.2920109021429088,0.14575397336820345,-0.8615328666479198,-1.654882361813941,0,0.2956314881410999,-1.6618560419693367,0.030537812442905675,0.4723211866190467,1.5284142385336437,-1.6509231006316927,0.6080798102498148,0.2126885688757527,0.9844223940674264,Medium,14.484549191385348
VSL-1026,Herald of Free Enterprise,7,19.07945205479452,-0.5147376171030192,3,8,1,2006-02-07,False,POL-5026,0.09035889466309047,0.47289738657281116,0.1757370667406742,0,,0.3958083327665589,2015-04-14,-12.554115,169.082856,-0.6088895062518458,0.5691260067273584,42,35,27,7,-0.2027771280859838,-0.2920109021429088,1.5444032127600544,-1.5546236662427846,-0.23079290963147564,0,-1.6312334447404997,1.5804875359469066,0.2874682456928886,0.6965415136559343,0.9100918371510729,-1.6509231006316927,-1.1726870127059548,-1.5663979139345907,-0.480273964915599,Medium,26.570818387467334
VSL-1027,Prestige,6,22.117808219178084,0.2511366970411902,1,0,3,2003-01-25,False,POL-5027,1.7750972572487949,-0.4988095721384447,2.6884952979805097,1,,1.6172104134445324,2013-06-16,42.15,-9.0,0.47668912330299645,-0.7450900385199056,38,18,24,1,0.16424029831398715,0.5991719121284305,-0.5903772052590865,1.1547312776280507,0.8203207336460582,3,-0.9970753655642769,-1.3457773835072948,-0.7682040783718951,1.3692024947665968,1.5753094768407487,-0.5059632223864633,-0.7798234459779189,0.8733095130153216,1.5754195166067138,Medium,58.313330976778744
VSL-1028,Costa Concordia,2,13.35068493150685,-1.495011372665748,1,5,1,2011-10-30,True,POL-5028,-1.345443737354009,-0.4988095721384447,-1.1240343584788388,8,,-1.4305515910238016,2000-08-01,42.3636,10.9214,-0.45711704043361295,0.24746473691159446,19,10,43,5,-0.2945314846859766,-0.2920109021429088,-0.5903772052590865,0.9026982595935543,1.4645516763000306,3,-1.4873283421582029,0.49378590972075803,-0.7768042602380033,0.08794348312723946,-0.17457765628548724,-0.9966603130629902,-0.6510157191818413,0.9912567880024215,-1.1757210217028125,Low,27.760587900160722
VSL-1029,Exxon Valdez,0,17.846575342465755,1.5674756971706434,3,8,4,2007-05-03,False,POL-5029,1.3780455996246397,1.2826531854988577,2.1121581218226204,7,,0.2390215061727409,2019-01-29,60.8372,-146.8953,1.4475694771631435,1.5433001381693863,11,27,26,6,-0.5239173761859585,-0.7376023092785784,-0.5903772052590865,0.9657065141021784,0.2778104661479762,0,1.529800672999441,-0.7893774514668886,-0.19844202974222575,0.34419528545511086,1.3382279942881623,-0.5059632223864633,1.4099079095553966,-0.004613307208854814,0.5072781211343212,Low,22.768808696400413
VSL-1030,Empress of Ireland,5,11.742465753424657,-1.5132458002861182,0,1,8,2013-06-08,True,POL-5030,-0.5784106830407626,0.14899506700239257,-0.2653164422164336,1,2003-08-02,-0.8106318555004468,2000-11-22,24.478103,94.26845,0.11637433803986315,-0.6164255305936001,0,45,33,1,-0.2945314846859766,0.15358050499276069,0.3665933269563904,-0.10543381254443088,-0.7733031771295577,2,0.05904174321766286,-1.5719621115810496,0.6196502702713185,1.3692024947665968,-1.4980654929526755,-0.8330946161708146,0.5565567195313839,-1.3897675119834658,-0.6379818745844424,High,31.347855576544987
VSL-1031,Exxon Valdez,4,23.397260273972602,1.5938008771925152,0,5,5,2001-10-15,False,POL-5031,0.6835075945999143,-0.17490725256802606,1.2436428841916638,5,,0.7252714435564223,2006-09-18,60.8372,-146.8953,-0.8545060158202841,1.4973485281957055,6,21,46,6,-0.5239173761859585,-0.7376023092785784,0.14575397336820345,0.4616404780331858,-0.06125845103832503,1,1.141988616887828,1.198075856270927,-0.9434327838938501,0.34419528545511086,0.6990632647691001,1.2932594434274685,0.24419798205089654,-0.7512253680877874,0.1077018507230554,Medium,43.43605297745785
VSL-1032,Prestige,7,14.490410958904109,0.10111463527511347,1,8,5,2010-09-09,False,POL-5032,-0.7500062972687735,-1.1466142112792819,-0.7937603054946963,1,2006-03-02,-0.6395523765151284,2012-04-29,42.15,-9.0,-1.5531227859607002,-1.517077086077739,29,30,0,1,-0.5239173761859585,-0.7376023092785784,-0.5903772052590865,-1.1135658846824161,0.2778104661479762,2,-0.953172113929,0.8754726383452192,1.3839914336216868,0.7285729889469181,-1.4164330410847517,0.3118652620744148,1.4260088754049065,1.3915802976877012,-0.36498481474047556,Low,23.640713502076757
VSL-1033,Costa Concordia,0,13.975342465753425,-1.5044344779069332,3,8,2,2011-03-16,False,POL-5033,-0.4339575300719386,0.14899506700239257,-0.6174516745558203,4,2011-09-01,-0.32567513037709556,2002-12-21,42.3636,10.9214,-1.168478063428995,0.41289053281684446,0,0,27,5,-0.2945314846859766,-0.7376023092785784,-0.5903772052590865,-0.5464915941047994,1.3628310011441402,5,1.3810174313465577,0.024380103862565387,-1.055235148153257,-1.5776932320039252,1.6265468668429566,0.14829956518223916,0.656382707798344,1.6083011527132594,-0.09702860784019152,Low,25.790539991083445
VSL-1034,Prestige,2,17.0,1.537714464526821,2,3,1,2008-03-07,True,POL-5034,1.7536941648123516,1.1207020257136484,1.6191553050486427,1,,0.6925542395793596,2017-09-12,42.15,-9.0,1.3907996235364763,-0.8186126144777944,37,26,38,1,-0.5239173761859585,-0.2920109021429088,-0.5903772052590865,0.4616404780331858,0.7864138419274281,3,-0.4751144850115399,-0.7212320526241549,-0.2769186892704631,0.08794348312723946,-1.6378827775349702,-0.9966603130629902,0.8270529458031464,-0.820366874114708,1.5415052685285098,Medium,30.61608852865599
VSL-1035,Sewol,2,24.884931506849316,-1.4734074377335524,0,2,4,2000-04-20,False,POL-5035,-0.49878557327264417,0.14899506700239257,-0.7844781894813225,6,2016-06-03,-0.3436521077159008,2009-01-28,34.2167,125.9333,-1.681723882951722,-0.9932287323777806,26,10,24,8,-0.5239173761859585,-0.2920109021429088,-0.5903772052590865,-0.48348333959617534,-0.7733031771295577,3,-0.6482884220173545,0.4024420772294342,-0.8714062607651938,0.08794348312723946,-0.7816104632607922,-0.015266131709936454,-0.8603282752254672,1.286415485999696,-0.8913410004257704,High,43.80988823366511
VSL-1036,Sewol,3,14.068493150684931,-1.1654195401370437,3,7,3,2011-02-10,True,POL-5036,-1.254867215589587,-0.4988095721384447,-0.8326853154281592,4,,-0.99343074547496,2009-07-26,34.2167,125.9333,-1.6307468715318576,-0.32233522676204446,5,9,42,8,-0.5239173761859585,-0.2920109021429088,-0.5903772052590865,-1.6176319207514087,0.6846931667715377,4,1.5737039246347178,-0.5117211987353245,1.3882915245547407,-0.07221389332768022,-1.2661945924342113,0.8025623527509417,-0.8152455708468399,-1.1817619728436544,-1.2773529577101164,High,29.855697320269446
VSL-1037,Bulgaria,4,12.632876712328768,-0.6622260385179322,3,8,5,2012-07-18,False,POL-5037,0.8462118351118275,1.2826531854988577,-0.06253833503472854,6,,1.006822478315315,2007-03-14,5.840666,-79.013583,1.1220117451408271,-1.1494642062882945,26,26,36,7,3.559151492513719,2.3815375406711086,0.14575397336820345,-0.5464915941047994,0.44734492474112686,5,-1.2995199879406292,-0.9829393822223134,0.009037357777635202,-0.9114385459514593,1.1575944837719052,-1.1602260099551658,0.06064697136648619,1.2544593277519596,1.0816238037192782,Low,67.33752458702043
VSL-1038,Estonia,5,14.586301369863014,1.2763061140622938,0,2,7,2010-08-05,True,POL-5038,1.5572118684560303,1.2826531854988577,1.9460024720884401,6,2003-11-04,1.7185934142855948,2001-04-11,59.3833,21.6833,0.05149450532367188,0.17394216095370557,38,22,5,2,-0.5239173761859585,0.15358050499276069,-0.5903772052590865,1.1547312776280507,0.20999668271071598,5,0.39807240862341275,-0.7157949197377665,0.6734014069344949,-1.4815988061309733,-1.2853000598926616,0.14829956518223916,1.1329712969438304,-0.12314160325500456,1.8513730248842086,High,36.51822088959346
VSL-1039,Costa Concordia,3,15.364383561643836,0.19087717011204822,1,0,7,2009-10-25,True,POL-5039,0.35397118915435977,-0.660760731923654,0.024969290772218496,7,2010-11-05,0.7077758222051583,2007-08-10,42.3636,10.9214,0.8775538040137495,-0.9748480883883084,17,46,46,5,-0.5239173761859585,-0.7376023092785784,-0.5903772052590865,-1.3655989027169124,0.9898551922392088,0,0.4590491470057419,0.3197976573563315,-1.2035882853436237,-1.4815988061309733,0.6070096488329308,-1.3237917068473415,1.6868445221669635,1.2556213698700593,-0.3909061280708171,High,0.0
VSL-1040,Sewol,6,11.493150684931507,0.2511366970411902,2,6,8,2013-09-07,False,POL-5040,1.042450847767301,-0.3368584123532354,1.663921922859686,4,,1.7282028007746022,2001-05-15,34.2167,125.9333,0.0039931992278889996,0.5966969727115667,14,16,6,8,0.16424029831398715,0.5991719121284305,-0.5903772052590865,1.3437560411539229,-0.6715825019736673,2,0.28587520999992705,-1.1217675085880956,0.8486301124564501,-0.07221389332768022,-1.3374058802338893,1.2932594434274685,0.21843643669168106,1.5821552050560204,0.4536058367159981,High,39.33557365761118
VSL-1041,Estonia,6,20.698630136986303,0.2511366970411902,3,5,1,2004-06-26,True,POL-5041,-1.3895633504232927,-0.660760731923654,-0.7898704409734588,0,,-1.0822615729894833,2001-03-27,59.3833,21.6833,-1.32372623457131,-0.06500621090943334,25,14,37,2,0.16424029831398715,-0.2920109021429088,-0.5903772052590865,-0.16844206705305495,-1.1123720943158588,5,-0.23852474008810307,0.8062398129252079,-1.4648188095266608,0.4723211866190467,0.9283288742705027,-1.6509231006316927,0.16691334597325005,-0.07026868688147704,-1.0552165136533644,Low,45.194425852651506
VSL-1042,Deepwater Horizon,5,24.873972602739727,-1.633553789780331,3,3,6,2000-04-24,False,POL-5042,0.7154559342359494,-0.9846630514940726,0.8010838466143378,4,,1.4851611796430688,2007-06-28,28.7361,-88.3653,-0.5023012096466746,-1.0943222743198777,36,3,15,3,-0.2945314846859766,0.15358050499276069,-0.5903772052590865,0.2726157145073136,1.6340861348931812,1,-0.9970753655642769,-1.0956692707334315,-0.20596718887507026,1.3692024947665968,0.9396184686777687,-0.3423975254942877,0.012344073817957057,-0.15684082467989013,-0.13804780253664148,High,47.50634027535151
VSL-1043,Titanic,4,23.164383561643834,-0.9771764561818823,3,8,2,2002-01-08,True,POL-5043,-1.0977090839865495,0.9587508659284391,-1.2107598392712426,1,,-1.3932401194908257,2006-08-11,41.7325,-49.9469,-1.3909232041702222,1.6627743241009556,44,38,36,1,-0.7533032676859402,-0.7376023092785784,0.14575397336820345,-0.48348333959617534,1.3967378928627703,3,1.1590621036348796,-1.543326545046071,0.4551717920819991,-1.5776932320039252,-0.09294520441756376,-0.17883182860211208,0.4052076405459933,0.703651363772794,-1.089221259123286,Low,31.3422700796137
VSL-1044,Costa Concordia,5,20.465753424657535,1.1752556139997696,3,7,8,2004-09-19,True,POL-5044,-1.4191522685276943,1.2826531854988577,-0.7118318216145946,0,,-1.2891806873723506,2004-12-05,42.3636,10.9214,-0.041190969985172604,1.7087259340746361,25,24,32,5,-0.2945314846859766,0.15358050499276069,-0.5903772052590865,-0.23145032156167902,-1.4853479032207904,3,1.7054136795405486,-1.5020043351095196,1.451717865817289,-0.39252864623751954,-0.35260587578468255,-0.9966603130629902,0.4792720834537379,1.3474226971999201,-1.2162515144596615,Low,35.769395936534316
VSL-1045,Bulgaria,6,13.816438356164383,-0.009056478194961,1,7,1,2011-05-13,False,POL-5045,-0.8219354904406094,1.1207020257136484,-1.000538335456594,3,2000-11-03,-0.39850279589358084,2012-12-14,83.070843,74.777149,0.8346867716834088,-0.6715674625620167,29,28,14,0,0.16424029831398715,-0.2920109021429088,0.5874326805445774,-1.6176319207514087,-0.5359549350991468,1,1.4029690571641962,-1.008675144551218,0.34766951875564633,0.22567882687847027,-1.3582482083703806,-1.1602260099551658,-1.1372648878370335,0.46659477168049457,-0.8996055875920635,High,20.46591087145715
VSL-1046,Herald of Free Enterprise,6,16.40821917808219,0.2511366970411902,1,4,1,2008-10-09,True,POL-5046,1.141219625382825,-0.012956092782816757,2.097085342917029,0,2013-11-06,0.8280878994579252,2014-06-24,-74.434677,-99.520271,1.3189683801721217,1.616822714127275,26,2,37,7,0.16424029831398715,-0.2920109021429088,-0.07508538021998354,1.3437560411539229,-0.7733031771295577,4,-1.0897600079054173,0.7997152534615416,0.43367133741672825,-0.30284051542276447,1.120251979194025,-1.1602260099551658,1.2005953535117708,-1.3874434277472667,1.6688926660725698,High,39.82356230602277
VSL-1047,Herald of Free Enterprise,6,23.764383561643836,1.0967769938043297,3,4,5,2001-06-03,True,POL-5047,1.4160910186654139,-0.8227118917088633,2.6565278851624416,6,2006-03-06,1.6793133293326201,2001-02-13,-89.072777,-152.542213,-0.2543675631955154,0.7069808366484001,0,36,42,7,0.16424029831398715,2.3815375406711086,3.0902786878773636,0.7766817505763062,-1.41753411978353,5,-1.6019646103169816,-1.5212155379747583,1.5871707302084932,0.5523998748465065,1.175831520891335,0.9661280496431173,-0.7444013211089975,-0.5223030708221846,0.48254845694697235,High,93.86790460291888
VSL-1048,Herald of Free Enterprise,2,18.8,-1.4847759806498806,0,5,0,2006-05-20,True,POL-5048,-0.7630286839197639,-1.6324676906349098,-1.0350036359486796,4,,-0.3046149758284278,2017-06-23,4.568966,-22.011164,-1.5890384076428776,-1.360841612167225,36,34,39,5,2.5039763916138025,0.5100536307012964,1.5444032127600544,-1.6176319207514087,-1.1123720943158588,2,0.8761300375408732,-0.4022535899560393,-0.30916937126836896,0.08794348312723946,-0.5723187515568602,1.4568251403196442,1.558036795370886,0.030247956334130237,-0.49124482069635234,Medium,64.67824072610594
VSL-1049,Costa Concordia,7,12.4,-1.4528517360995485,3,6,3,2012-10-11,True,POL-5049,0.9930786864337852,-0.3368584123532354,1.468850708722636,8,,1.1958774097264946,2002-10-07,42.3636,10.9214,-1.6631867878899533,0.8172647005852334,38,15,30,5,-0.2945314846859766,-0.7376023092785784,-0.5903772052590865,-0.9245411211565439,-0.36642047650599613,3,0.2151421934764255,-0.8067762767033314,-0.307019325801842,-0.39252864623751954,-1.3912485612531582,1.4568251403196442,0.0767479372159958,0.754781216969172,1.504500608635679,Medium,25.522256302669522
VSL-1050,Empress of Ireland,4,20.364383561643837,-0.4901333566664763,0,1,6,2004-10-26,False,POL-5050,-1.6796049634211085,-1.1466142112792819,-1.3517244378368156,5,,-1.706271912080561,2009-06-24,-64.501719,88.532893,0.028323136496460805,-0.32233522676204446,38,4,25,1,3.1003797095137555,0.019903082852059942,0.14575397336820345,-1.4916154117341605,1.3967378928627703,1,-1.7117227394051742,1.7646251030325915,-0.993958852357236,1.193029380666185,-1.4694072917649998,0.3118652620744148,0.5404557536818745,0.08312087270765776,-1.6486509765244217,High,59.773633674058445
VSL-1051,Exxon Valdez,3,15.608219178082193,-0.19122137138875944,1,0,3,2009-07-28,False,POL-5051,-1.5500021918452942,-0.660760731923654,-1.342756210290236,2,,-1.1400848207001586,2001-05-25,60.8372,-146.8953,-0.8243832363449095,0.27503570289580276,12,26,25,6,-0.5239173761859585,-0.7376023092785784,-0.5903772052590865,-1.6176319207514087,-0.5359549350991468,0,-1.5336706633287729,-0.49903455533375174,-0.4123715536616675,0.34419528545511086,-1.2140887720929836,0.8025623527509417,-0.7894840254876248,-0.7547114944420859,-1.2243537351236835,Low,16.58917946167151
VSL-1052,Exxon Valdez,4,21.802739726027397,-1.4553115979547042,3,8,3,2003-05-20,False,POL-5052,1.3454557099837259,1.2826531854988577,2.3074605864827684,5,,0.42992678416696234,2002-12-04,60.8372,-146.8953,0.04570166311686921,-0.6256158525883362,41,22,10,6,-0.5239173761859585,-0.7376023092785784,0.14575397336820345,-1.3025906482082883,-0.36642047650599613,5,0.3614863655940152,1.7979728514024398,0.1939412678989618,0.34419528545511086,-0.5358446773180007,1.2932594434274685,1.5258348636718666,1.1504565581820538,1.8136892139148917,Low,50.347676461065674
VSL-1053,Prestige,3,23.336986301369862,-0.8933370326009746,1,2,4,2001-11-06,True,POL-5053,0.028231325857475127,-0.17490725256802606,0.8231370184427858,7,,-0.6852577313485014,2001-10-17,42.15,-9.0,-0.542851105094294,-0.8553739024567389,14,43,1,1,-0.5239173761859585,-0.7376023092785784,-0.5903772052590865,1.0917230231194266,1.5323654597372909,3,0.9175942196408569,0.7406317427627885,-0.818730146835281,1.3692024947665968,-0.917954026487005,-0.8330946161708146,0.8978971955409891,-0.7297275889029464,0.24909226743064258,High,46.183520610268545
VSL-1054,Prestige,6,22.835616438356166,1.302665868712687,0,2,6,2002-05-08,False,POL-5054,-0.3954466569079817,1.1207020257136484,-0.6470323889525809,4,,-0.36522530938643843,2011-11-03,42.15,-9.0,1.6526360912839622,0.7988840565957611,17,43,39,1,0.16424029831398715,0.5991719121284305,-0.5903772052590865,-0.5464915941047994,-0.5020480433805167,2,0.24197195836465016,0.723957868577864,0.9539823403162758,1.3692024947665968,0.6938526827349774,0.47543095896659043,0.9462000930895182,-0.29047566826133336,0.07561429590183337,Medium,54.40286359308566
VSL-1055,Empress of Ireland,4,12.923287671232877,-0.6391706925064156,1,6,3,2012-04-03,False,POL-5055,0.6049050864771695,0.6348485463580205,1.6081694600427918,8,,0.32402581060792857,2005-10-01,-18.295673,126.042365,0.8149911081802794,-1.2597480702251278,9,34,44,0,-0.1568999497859875,-0.15833348000220793,0.14575397336820345,1.2177395321366746,0.1082760075548256,2,1.6078508981288222,-1.7336261960696626,-1.1734876488122448,0.6741194809522455,-0.929243620894271,-1.1602260099551658,-0.5576301172546853,0.5403844461798133,0.5820403840263688,Medium,30.829499226830098
VSL-1056,Deepwater Horizon,1,16.687671232876713,0.330372342471165,0,9,0,2008-06-29,True,POL-5056,0.39704850497793087,-0.4988095721384447,1.365177663510024,1,2006-10-07,0.521064239272287,2000-05-11,28.7361,-88.3653,-0.47565413549538166,1.6627743241009556,43,42,25,3,-0.06514559318599468,0.15358050499276069,-0.5903772052590865,1.406764295662547,-0.027351559319694907,5,-0.7360949252879085,-1.3117046840859279,0.102564335571562,1.1129506924387251,1.2548586817421976,-0.3423975254942877,-0.5093272197061564,1.4758283512499155,0.2097210947352831,High,53.420308245386785
VSL-1057,Titanic,4,14.276712328767124,-0.5036650561530313,2,7,5,2010-11-26,False,POL-5057,0.8861436774879148,-0.012956092782816757,0.6722798939676881,6,,1.0045997086387497,2005-02-23,41.7325,-49.9469,1.0745104390450442,1.2584001563325666,9,33,44,1,-0.7533032676859402,-0.7376023092785784,0.14575397336820345,0.020582696472817283,0.07436911583619547,4,0.6444184316880223,1.5678008925453335,1.3302402969585103,0.8887303654018378,-0.6608986461369475,-1.3237917068473415,0.5629971058711881,0.6798295003517539,0.7791563624055218,High,29.710219193536062
VSL-1058,Bulgaria,3,17.6,0.47395788144722595,0,8,0,2007-08-01,True,POL-5058,0.5454269050210343,-1.1466142112792819,0.20181230369371767,8,,0.2250727585431736,2015-05-28,-39.088934,-115.151685,0.10015437986081528,0.9367388865168028,32,43,28,7,2.641607926513792,2.3815375406711086,2.7222130985637185,1.2177395321366746,0.34562424958523646,3,0.8712518984702864,0.42092832904315447,-0.3607704624650183,-1.3534729049670375,0.4463500361141448,1.6203908372118199,0.7304471507060886,-1.1910583097884504,1.1597661181524315,Medium,86.0366808863767
VSL-1059,Prestige,7,21.813698630136987,-0.9386435390175148,3,7,3,2003-05-16,False,POL-5059,-0.24030426114222758,-1.6324676906349098,-0.36006137246097536,6,,0.23775038055472886,2000-02-06,42.15,-9.0,0.3353437734570086,0.6886001926589278,34,14,16,1,-0.5239173761859585,-0.7376023092785784,-0.5903772052590865,1.4697725501711711,0.1421828992734557,5,1.2834546499348314,1.0599726809566634,-1.409992650130221,0.7285729889469181,1.5501249970091553,-1.3237917068473415,-1.3014947395020322,1.601328900004662,-0.20719113485664042,High,47.47276489942267
VSL-1060,Exxon Valdez,2,19.671232876712327,1.122325329662347,2,8,8,2005-07-06,True,POL-5060,1.3919425418145979,-0.17490725256802606,0.018460220646847745,8,,1.4731550727227118,2016-08-06,60.8372,-146.8953,0.27509821450625965,-0.30395458277257226,0,34,6,6,-0.5239173761859585,-0.7376023092785784,-0.5903772052590865,-1.6176319207514087,-0.7733031771295577,2,1.1712574513113456,0.06425241169607963,-0.13501568847967763,0.08794348312723946,-1.5536450346499853,-0.8330946161708146,0.42452879956540446,0.9058466923221079,1.7664796210532776,Medium,22.519768334080126
VSL-1061,Deepwater Horizon,4,11.895890410958904,0.17627409113247483,0,7,6,2013-04-13,False,POL-5061,-0.49028897229650636,-1.3085653710644913,-1.1698491310355932,5,2002-01-04,-0.7895302946462747,2016-10-17,28.7361,-88.3653,-0.5822424321005532,1.359493698274664,28,40,12,3,-0.06514559318599468,0.15358050499276069,0.14575397336820345,0.020582696472817283,-0.7733031771295577,1,-0.6312149352703024,0.3154479510472206,-1.2777648539388071,1.3692024947665968,1.2626745547933813,1.6203908372118199,1.0750078198855957,-0.6541948512264787,-0.7665711768413402,Medium,38.714949395447675
VSL-1062,Titanic,3,23.304109589041097,0.8386998147664474,2,9,5,2001-11-18,True,POL-5062,0.38625972092067484,-1.6324676906349098,0.45395140178426724,8,,0.46581950867079613,2006-08-22,41.7325,-49.9469,-0.33315021720803323,1.276780800322039,38,3,13,1,-0.7533032676859402,-0.7376023092785784,-0.5903772052590865,1.2177395321366746,0.9220414088019486,3,0.9761318884878925,-0.46061214960327407,-1.6744482425130487,1.3692024947665968,-0.8901642556383502,-0.17883182860211208,1.2005953535117708,-1.3473529746728339,-0.009542467757848793,High,47.731483645565426
VSL-1063,Empress of Ireland,2,22.435616438356163,-0.2185898661424227,3,7,4,2002-10-01,True,POL-5063,-1.3844250265147553,-0.012956092782816757,-1.1895017309193394,0,2014-03-09,-1.2545964734490271,2016-10-23,66.250617,-166.416925,-1.2356750330279074,-0.46938037867782223,42,27,13,5,1.724064360513864,-1.0940754349871142,1.8388556842109705,0.33562396901593766,0.17608979099208585,2,0.7810063256644396,0.7605678966795456,-1.0240594888886148,0.08794348312723946,-1.467670431086959,1.6203908372118199,0.5114740151527571,-0.8697536641339371,-1.2112645433184843,Low,63.347361674516925
VSL-1064,Bulgaria,2,19.882191780821916,1.2458513635559911,1,2,0,2005-04-20,True,POL-5064,-0.21486650725532755,1.6065555050692764,-0.8467273066254775,4,,-0.8959294351282889,2018-09-09,-34.374928,-46.315394,-1.7257494837234233,0.08203894100634444,46,39,13,7,0.11836312001399073,2.3815375406711086,-0.14869849808271254,-0.7355163576306717,-1.3497203363462698,5,-0.17998707124106708,0.030179712274712823,-0.33389489413343015,0.08794348312723946,0.007792714908810138,1.6203908372118199,0.17013353914315194,1.6664032586182347,0.09198506975329958,High,71.39644905436913
VSL-1065,Sewol,4,15.145205479452056,0.9034481121909798,0,6,3,2010-01-13,False,POL-5065,0.8978372946394163,0.31094622678760186,1.3087486653621054,7,,0.9998596151337216,2016-11-15,34.2167,125.9333,0.7072442431337477,-0.20286104083047501,22,5,38,8,-0.5239173761859585,-0.2920109021429088,0.14575397336820345,-1.6176319207514087,-0.603768718536407,2,-1.758065060575744,0.8417624144496112,1.43989261575139,-0.07221389332768022,-0.4316330366355448,-1.3237917068473415,-0.4417031631382158,0.8407723337085357,1.6141126599285394,Low,18.300202892419513
VSL-1066,Estonia,6,13.112328767123287,0.2511366970411902,3,3,5,2012-01-25,True,POL-5066,0.8933898356836504,-0.4988095721384447,1.0681894604639022,4,2011-12-10,1.613143814957993,2001-11-20,59.3833,21.6833,1.4128124239223272,0.8172647005852334,1,1,27,2,0.16424029831398715,0.5991719121284305,-0.5903772052590865,0.5246487325418099,1.5323654597372909,2,-0.07998522029404734,-1.3562891737543123,0.2777930410935168,0.4723211866190467,1.2661482761494631,0.9661280496431173,-0.5544099240847834,0.8558788812438292,1.2314837186859573,Low,40.51507940430312
VSL-1067,Herald of Free Enterprise,4,20.35890410958904,-1.2984171416172903,1,8,6,2004-10-28,True,POL-5067,-0.3244423468502734,1.1207020257136484,-0.980092431419922,5,2006-02-08,-0.6327310350928889,2013-07-30,-49.505464,58.366451,-0.6969407077952482,-0.7450900385199056,23,7,17,5,2.7792394614137805,-0.2920109021429088,0.14575397336820345,0.2726157145073136,-1.722696145251201,3,-1.5775739149640502,-1.1507655506488332,-1.3637666725998894,0.18083476147109287,1.6291521578600174,1.129693746535293,-0.04883959641017954,-1.5199162292106105,-0.2510250828673161,Medium,67.30820998027797
VSL-1068,Estonia,4,14.161643835616438,-0.10080220793734888,3,5,7,2011-01-07,True,POL-5068,-0.8330699348153862,-1.6324676906349098,-0.14245289603515898,8,2010-04-01,-0.7547700639570815,2003-04-15,59.3833,21.6833,-0.8614574264684475,-1.2505577482303918,36,41,13,2,-0.5239173761859585,-0.9603980128464132,0.14575397336820345,-1.6176319207514087,-0.8411169605668178,1,1.4054081266994896,0.2440402724726539,-0.9133321473624715,-1.4815988061309733,0.13284668372775715,-0.8330946161708146,-0.23239060709458992,-0.24108887824210426,-1.1210857553003815,Low,4.3914015783903135
VSL-1069,Costa Concordia,1,21.40821917808219,1.0403373123401005,2,7,2,2003-10-11,True,POL-5069,0.03265610196246473,-0.17490725256802606,-0.5041773720253784,2,,-0.22051905219584894,2017-07-07,42.3636,10.9214,0.9760321215293966,-0.29476426077783613,36,21,18,5,-0.2945314846859766,-0.7376023092785784,-0.5903772052590865,0.7766817505763062,-0.7054893936922974,1,-1.6312334447404997,0.532933266502754,0.5164480878780202,-1.5776932320039252,-0.5427921200301644,-1.3237917068473415,-0.6059330148032144,-0.831987295295703,-0.006891202648845724,Medium,20.62156412469564
VSL-1070,Estonia,4,22.945205479452056,-0.18215008830893267,1,2,5,2002-03-29,True,POL-5070,-0.8181370243001326,-0.3368584123532354,-0.1941314690802857,0,2007-08-04,-1.2957249373554385,2010-08-13,59.3833,21.6833,1.3676282547092653,0.5875066507168306,24,11,35,2,-0.7533032676859402,-0.9603980128464132,0.14575397336820345,0.587656987050434,-0.4003273682246263,0,0.9834490970937722,1.3887379828202777,0.4648469966813708,0.4723211866190467,0.9899874283409558,-0.669528919278639,-1.3079351258418361,1.0993267049856754,-1.1434287560928895,Low,29.344824088669373
VSL-1071,Titanic,4,14.665753424657535,0.2987148578162052,2,5,3,2010-07-07,True,POL-5071,0.2186032267604985,-0.660760731923654,-0.06702121728148523,1,2011-10-08,0.05245799966534575,2011-09-24,41.7325,-49.9469,0.6342544313280323,0.33017763486421947,43,12,41,1,-0.7533032676859402,-0.7376023092785784,0.14575397336820345,0.20960745999868952,1.5323654597372909,5,0.1078231339235264,-1.034410906880123,0.7798286575275843,1.3692024947665968,0.8953285213877251,0.8025623527509417,0.4663913107741299,-0.643736472163583,0.6308724801469203,Low,45.35977215611801
VSL-1072,Empress of Ireland,5,18.465753424657535,-1.7914036053091964,3,6,4,2006-09-19,True,POL-5072,1.0224871543592438,-1.3085653710644913,1.2230799097347562,8,2001-01-02,1.2923658581385211,2006-10-09,-67.363114,-10.274667,1.4035438763914425,-1.0759416303304057,12,17,13,6,-0.2945314846859766,0.15358050499276069,1.6916294484855123,0.8396900050849303,1.1254827591137293,1,-0.35560007778217484,0.5869421198408784,1.299064637693868,-0.6199521208035055,1.0733567408869202,0.47543095896659043,0.4889326629634435,-1.6186898092490685,0.043134265229945346,Low,41.8894297717687
VSL-1073,Bulgaria,0,24.375342465753423,-0.5684243480201061,3,3,6,2000-10-23,False,POL-5073,-1.6570974996874979,0.7967997061432298,-1.005415708325082,8,2002-06-10,-1.4456971739560995,2007-04-03,81.08565,7.196039,1.4579965931353887,-1.4159835441356416,38,19,11,0,3.559151492513719,2.114182696389707,1.0291113877209515,-0.23145032156167902,-1.41753411978353,5,-0.7312167862173221,-1.0902321378470432,-0.8423806469670785,-0.4597947443485858,1.2713588581835862,1.2932594434274685,-0.8893100137545846,-0.5496110605975232,-1.3664632435450044,Medium,100.00000000000001
VSL-1074,Estonia,4,15.128767123287671,-0.16574724801790397,3,4,1,2010-01-19,True,POL-5074,-0.8925094339099293,0.6348485463580205,-0.24943085579894145,8,,-1.026547181498917,2010-11-17,59.3833,21.6833,-1.5705013125811087,0.5691260067273584,6,0,41,2,-0.7533032676859402,-0.2920109021429088,0.14575397336820345,1.1547312776280507,-1.2140927694717492,3,1.3810174313465577,1.3260297168639326,0.9937581814470261,0.4723211866190467,0.5236403362869663,-0.8330946161708146,-0.3096752431722364,-1.4809878182542768,-0.9336026013237814,Medium,33.61495881630422
VSL-1075,Estonia,1,16.627397260273973,1.4810661779817205,2,4,3,2008-07-21,True,POL-5075,-0.2663767804313184,0.7967997061432298,0.5180169451652825,8,,-0.7845229970408609,2007-03-11,59.3833,21.6833,1.6109276273949822,-0.08338685489890556,13,24,7,2,-0.7533032676859402,-0.9603980128464132,-0.5903772052590865,-1.4286071572255366,0.752506950208798,1,1.1005244347878442,0.37235660859141856,0.6809265660673396,0.4723211866190467,1.3278068302199162,0.9661280496431173,-1.5784313521135984,-0.6199146087425431,-0.6312839458944156,Low,20.908965743882643
VSL-1076,Herald of Free Enterprise,7,22.528767123287672,0.8729399807728592,3,9,8,2002-08-28,False,POL-5076,0.8690789334192406,1.2826531854988577,0.34591817458071505,2,,1.4469828688875235,2006-10-19,-31.573672,174.600104,0.24729257191360604,-0.6715674625620167,6,5,4,5,3.329765601013737,-1.183193716414248,0.7346589162700354,0.2726157145073136,-0.06125845103832503,3,-0.8336577066996349,-0.03796568656802106,-0.8574309652327678,-1.3534729049670375,0.4889031227261478,0.14829956518223916,1.4710915797835333,1.5095275726748012,0.5850421412469852,High,59.691189109529134
VSL-1077,Estonia,3,14.476712328767123,-0.5126326153472932,2,4,7,2010-09-14,True,POL-5077,-1.1413304844405703,1.6065555050692764,-1.3378288474977786,0,,-1.2189542773846747,2010-02-15,59.3833,21.6833,-1.4152531414387939,-1.2965093582040723,20,47,13,2,-0.5239173761859585,-0.9603980128464132,-0.5903772052590865,-0.7985246121392957,-1.146278986034489,2,-1.38488742167589,1.7059040678595971,-0.4747228721909521,-1.4815988061309733,0.17800506135682126,-0.669528919278639,-0.10358288029851241,-1.234634889217182,-0.9522062050224154,Low,9.041081684620217
VSL-1078,Costa Concordia,0,22.589041095890412,1.0718518692420085,0,3,2,2002-08-06,False,POL-5078,-0.9862328974313717,0.6348485463580205,-0.9100446348045979,4,,-0.5423280100353887,2000-06-29,42.3636,10.9214,-1.514890027395802,0.8264550225799695,21,4,39,5,-0.2945314846859766,-0.7376023092785784,-0.5903772052590865,-1.5546236662427846,-0.7733031771295577,4,-1.4775720640170302,0.30493616080020325,1.6645723670034673,-1.5776932320039252,0.772011413246819,0.3118652620744148,1.4678713866136315,-0.0441227392242382,-0.8488161999422869,Low,32.92707690163959
VSL-1079,Bulgaria,6,18.04931506849315,1.084890554778765,1,4,6,2007-02-18,True,POL-5079,1.7497222356210729,0.31094622678760186,0.022537930664187234,2,,1.0990713490031352,2019-02-10,-83.894715,93.626165,1.6132447642777032,-0.6715674625620167,27,2,39,6,0.16424029831398715,0.5991719121284305,-0.5167640873963575,0.587656987050434,-1.5192547949394204,4,-0.10681498518227221,0.10811195031294556,1.0023583633131345,0.6484943007194582,1.505835049719112,0.6389966558587661,-1.1662466263661508,-0.3270799949814677,2.1144907260411485,High,55.51719998051021
VSL-1080,Exxon Valdez,1,19.605479452054794,-1.7307518950414678,1,0,4,2005-07-30,True,POL-5080,-0.537604588913887,0.14899506700239257,-0.30499695597821214,2,,0.008788661863634237,2002-02-16,60.8372,-146.8953,0.5183975871919765,0.8632163105589139,20,43,32,6,-0.5239173761859585,-0.7376023092785784,-0.5903772052590865,0.14659920549006544,0.8203207336460582,3,-1.6751366963757766,-1.368613341630126,1.5226693662126818,0.34419528545511086,0.23618989407119254,1.2932594434274685,-0.23561080026449177,0.785575333098809,-0.3774180506837991,Low,41.2923646156598
VSL-1081,Prestige,2,16.30958904109589,0.5385688930036951,1,3,0,2008-11-14,True,POL-5081,1.519194296665093,-0.660760731923654,2.202681228312246,4,2002-08-04,1.6209988751886921,2004-06-13,42.15,-9.0,1.1521345246162018,-0.8369932584672667,45,34,19,1,-0.5239173761859585,-0.7376023092785784,-0.5903772052590865,0.33562396901593766,-1.5531616866580504,1,0.756615630311508,1.1440670029328026,-0.22746764354034094,0.08794348312723946,-0.4689755412134248,-0.3423975254942877,0.49215285613334536,0.13134562060878735,1.6363298697471684,High,21.625414143812428
VSL-1082,Sewol,1,21.046575342465754,-1.0608268042838036,3,0,7,2004-02-20,True,POL-5082,1.4507001883390442,0.14899506700239257,-0.5527268623484397,4,2017-07-03,2.0904415541408023,2015-05-20,34.2167,125.9333,1.174147325002052,-1.3056996801988083,35,10,25,8,-0.5239173761859585,-0.2920109021429088,-0.5903772052590865,-0.48348333959617534,-0.7054893936922974,2,0.3419738093116699,-0.7237693813044696,1.7000481172011637,-1.4815988061309733,0.2526900705125812,0.14829956518223916,0.9429798999196164,-0.1934451514000245,1.5950949875974176,High,27.566458729726914
VSL-1083,Costa Concordia,5,23.55890410958904,0.8872848350164021,0,0,0,2001-08-17,True,POL-5083,-0.41842868841017583,0.14899506700239257,-1.1763353048207246,8,2005-02-08,0.04681788778353071,2004-05-16,42.3636,10.9214,-1.1035982307128038,-0.41423844670940557,15,19,12,5,-0.2945314846859766,0.15358050499276069,-0.5903772052590865,1.1547312776280507,0.006555332398935219,2,-0.35316100824688174,1.0954952824810669,0.5078479060119118,-0.39252864623751954,0.1476099994911049,1.129693746535293,-1.7007986925698722,-1.1707225727217092,0.06477668240742404,Medium,49.65439500284238
VSL-1084,Herald of Free Enterprise,0,13.627397260273973,0.971389716519223,2,5,6,2011-07-21,True,POL-5084,-1.6390097489225428,-0.660760731923654,-1.2751565627569055,1,,-1.6528440291680835,2006-01-12,37.981408,-115.988677,0.09320296921265188,-1.1402738842935585,44,21,22,7,0.8982751511139291,2.3815375406711086,3.0902786878773636,-0.48348333959617534,1.023762083957839,2,1.4176034743759551,0.05410309697482162,1.2238130463654209,-0.21315238460800964,1.0212509205456926,-1.487357403739517,-0.4127214246090981,0.6786674582336547,-1.5800580798671917,Medium,54.35139175386064
VSL-1085,Bulgaria,2,15.441095890410958,1.3825062084824964,2,2,6,2009-09-27,True,POL-5085,-0.937559752700125,0.6348485463580205,-0.2883466921163917,1,2017-09-03,-0.9083113838986084,2001-09-04,24.377754,70.819551,-1.4743401319481824,0.49560343076946944,42,30,36,0,-0.7991804459859367,1.9359461335354389,2.5013737449755316,0.33562396901593766,-1.3158134446276397,1,0.7127123786762307,1.1770522757768918,-0.4338720083269382,0.08794348312723946,-0.04865525712751994,-0.3423975254942877,0.5211345946624627,1.5542661942216323,-0.9642489280952387,Low,46.54985015191464
VSL-1086,Prestige,7,15.624657534246575,1.112186428346161,3,9,8,2009-07-22,True,POL-5086,-1.2759276349589468,-0.660760731923654,-0.44209818040960813,4,,-1.0347338611042023,2008-05-22,42.15,-9.0,-0.07594802322598941,-0.00986427894101667,30,30,44,1,-0.5239173761859585,-0.7376023092785784,-0.5903772052590865,-1.5546236662427846,1.1254827591137293,1,0.7175905177468174,-0.7139825421089705,-1.4519185367274987,0.7285729889469181,-0.46463338951832256,-1.1602260099551658,1.2843203759292217,1.3253438969560294,-0.8988314523120531,High,14.416029863469646
VSL-1087,Costa Concordia,3,18.53972602739726,-1.2288826450938508,1,5,5,2006-08-23,False,POL-5087,-0.711310265209083,0.47289738657281116,-0.9490605263695706,8,2004-02-02,-0.5885806241503923,2001-02-23,42.3636,10.9214,-0.1651577932107523,1.4973485281957055,44,0,33,5,-0.2945314846859766,-0.7376023092785784,-0.5903772052590865,-0.987549375665168,-0.23079290963147564,5,-0.6946307431879247,-0.581316499681095,1.032458999844513,-0.39252864623751954,0.956987075458178,-1.3237917068473415,1.6643031699776498,-0.6565189354626777,-0.34538966569328355,Medium,31.055402173775644
VSL-1088,Empress of Ireland,0,12.61917808219178,0.7868534956654792,3,2,2,2012-07-23,True,POL-5088,0.5502094929707466,1.2826531854988577,-0.07590185564504172,0,2006-11-07,-0.59034435813775,2017-03-31,2.05428,-109.885906,-1.1650023581049136,-0.9197061564198917,13,45,9,4,1.586432825613875,0.2872579271334617,1.8388556842109705,0.5246487325418099,0.6507862750529075,3,0.11514034252940573,1.7280150749309098,-1.6411225377818794,-1.5776932320039252,-1.605750854991213,-1.487357403739517,1.145852069623438,-0.1620700142113379,0.7435231846753464,Low,39.97323148521796
VSL-1089,Estonia,2,16.81095890410959,1.244998860267798,2,8,3,2008-05-15,False,POL-5089,0.7174333927625479,-1.6324676906349098,1.8040321687427592,5,2009-11-05,0.475855772402651,2012-08-16,59.3833,21.6833,-0.2833317742295293,-0.41423844670940557,4,33,12,2,-0.7533032676859402,-0.9603980128464132,-0.5903772052590865,0.9657065141021784,0.34562424958523646,3,0.044407326005904184,-0.2438517851992593,0.6250253839376362,0.08794348312723946,-0.42815931527946305,0.9661280496431173,0.759428889235206,1.1463894107687056,-0.056375769339958325,Low,34.21507254304674
VSL-1090,Estonia,6,14.632876712328768,-0.020018371400936152,3,5,0,2010-07-19,True,POL-5090,-0.643145716427013,-0.9846630514940726,0.1337656371620366,6,,-0.42980174474890326,2001-04-29,59.3833,21.6833,0.5937045358804129,1.2308291903483584,38,7,34,2,0.16424029831398715,0.5991719121284305,-0.5903772052590865,1.2177395321366746,1.3967378928627703,1,0.7151514482115242,-0.5403567652703031,-0.9875087159576545,0.4723211866190467,-0.7668471474974441,-0.9966603130629902,-0.8538878888856632,0.32424461221330536,-0.5231093569342677,Medium,33.418967075129856
VSL-1091,Estonia,7,24.26027397260274,0.5892798912484376,0,8,2,2000-12-04,False,POL-5091,0.29513364633856326,-0.3368584123532354,0.8197971687511842,1,2017-12-09,0.1422909655331654,2017-08-17,59.3833,21.6833,0.619193041590345,1.120545326411525,35,19,19,2,-0.7533032676859402,-0.9603980128464132,-0.5903772052590865,1.406764295662547,0.3117173578666063,0,0.6590528488997813,0.01676811782162169,0.07998885817302784,-1.5776932320039252,0.14153098711796192,-1.487357403739517,1.6643031699776498,1.0638844203836406,-0.06862027876164406,Medium,18.399539167841372
VSL-1092,Costa Concordia,4,18.356164383561644,-1.0985530765584774,1,1,0,2006-10-29,False,POL-5092,-0.946992780741232,-1.1466142112792819,-1.009398339467421,4,2001-03-09,-0.6975405484797742,2005-02-25,42.3636,10.9214,0.1256428855707474,-1.2229867822461833,19,17,17,5,-0.2945314846859766,-0.7376023092785784,0.14575397336820345,-0.7355163576306717,-0.5359549350991468,0,1.2980890671465901,0.8254510157904467,1.4646181386164514,-0.39252864623751954,0.8501701437586607,-0.669528919278639,-1.3208158985214438,1.1696302531306957,-1.075279412831451,Low,18.37817558112027
VSL-1093,Empress of Ireland,3,13.219178082191782,-0.39958197057712075,1,0,0,2011-12-17,False,POL-5093,-0.009915963486338882,1.6065555050692764,-0.6277793063294769,2,,0.5466137129328006,2010-11-17,-83.04604,133.170583,-0.021495306482043133,1.129735648406261,25,5,21,4,-0.6615489110859476,3.2281612142288805,2.1333081556618865,0.33562396901593766,0.1421828992734557,3,-1.7214790175463468,-0.09378691753494126,1.5699703664762767,0.5729000190327362,-0.9856915929306013,0.8025623527509417,-0.5672906967643911,-0.34857777416630864,-0.4623785563877386,Medium,64.83752579968821
VSL-1094,Estonia,0,23.36986301369863,1.4962681647524219,2,7,4,2001-10-25,True,POL-5094,0.6280652391155932,1.6065555050692764,-0.873495918149897,4,2008-03-02,0.8599286228273534,2000-11-27,59.3833,21.6833,1.2749427794004207,1.0010711404799555,10,31,34,2,-0.7533032676859402,-0.9603980128464132,-0.5903772052590865,-0.6094998486134234,-1.654882361813941,5,-1.3019590574759223,-1.4947548245943352,-0.25541823460519264,0.4723211866190467,0.8805652056243771,0.14829956518223916,-0.22917041392468804,0.2097834635805041,0.4036003591862403,Medium,45.38489003979961
VSL-1095,Titanic,4,16.528767123287672,-0.4234315203986116,1,6,0,2008-08-26,True,POL-5095,1.389873643045808,0.6348485463580205,0.3104026081545757,0,,1.0626844666216406,2004-07-03,41.7325,-49.9469,-0.11302221334952728,-1.5630286960514195,40,6,32,1,-0.7533032676859402,-0.7376023092785784,0.14575397336820345,-0.16844206705305495,1.566272351455921,3,-1.1922009283877302,-0.9988883053557192,0.6594261114020691,1.3692024947665968,-0.9370594939454553,0.9661280496431173,-0.9150715591138001,-1.3764040276253215,1.2415166705557394,Low,40.31491690261109
VSL-1096,Titanic,2,13.871232876712329,1.3088502426428148,3,7,7,2011-04-23,False,POL-5096,0.7305784592069104,1.4446043452840671,0.3007939616775468,7,,1.4038279063576657,2000-10-02,41.7325,-49.9469,-1.0839025672096745,0.40370021082210833,30,14,26,1,-0.5239173761859585,-0.7376023092785784,-0.5903772052590865,0.587656987050434,-1.0445583108785987,2,-1.0287832695230883,-0.9807645290677581,1.45816800221687,-1.4815988061309733,0.07813557236946797,1.4568251403196442,-0.6316945601624299,-0.009261475681252945,0.49019450505699536,Low,22.297063179970728
VSL-1097,Estonia,4,13.736986301369862,-0.22151221790294923,1,9,2,2011-06-11,False,POL-5097,1.2506640765899046,1.4446043452840671,0.4777748804375675,6,,1.3091134359046297,2007-10-14,59.3833,21.6833,-0.9425572173636865,1.0745937164378445,16,24,34,2,-0.7533032676859402,-0.9603980128464132,0.14575397336820345,-0.0424255580358068,0.2439035744293461,5,0.11514034252940573,-0.9198686407402088,-1.391717263664741,-1.5776932320039252,-1.3321952981997667,-0.015266131709936454,1.1136501379244186,-0.6710444619389215,1.313170374081833,High,24.8410251725575
VSL-1098,Bulgaria,4,16.21917808219178,1.0063776492822392,3,3,7,2008-12-17,False,POL-5098,0.6794972868352243,-1.6324676906349098,-0.1262203458668385,5,,1.234339305098889,2001-08-17,-37.39652,-89.309257,-1.6214783240009731,-0.5429029546357111,19,39,39,1,-0.5239173761859585,3.139042932801747,0.14575397336820345,1.1547312776280507,1.4306447845814005,0,0.5566119284174685,0.260351671131819,-0.058689074417967106,-1.4815988061309733,-0.43250146697456526,0.3118652620744148,-1.0825216039487007,-1.5286315450963568,0.8935981861830307,High,42.3332746180744
VSL-1099,Empress of Ireland,6,23.104109589041094,0.1772847118640744,0,7,8,2002-01-30,True,POL-5099,0.5505458371174125,-0.012956092782816757,1.4578762490539183,2,,0.39455828538069265,2004-05-27,-54.847275,68.799294,1.001520627239329,-1.3884125781514334,5,19,5,1,0.16424029831398715,0.5991719121284305,2.1333081556618865,-0.2944585760703031,-1.3497203363462698,3,-1.6483069314875516,1.376051339418705,-1.4476184457944443,0.3345858428678156,-0.8389268656361427,1.129693746535293,1.1007693652448112,-0.016814749448899675,-0.15731261006453293,High,67.22665836176263
VSL-1100,Empress of Ireland,7,21.293150684931508,-1.8146144648172016,1,8,3,2003-11-22,False,POL-5100,-0.8629853745819659,-1.4705165308497006,-0.2696028582813558,3,,-0.5271644478875733,2000-10-21,-71.09524,-15.255441,0.6354129997693929,0.12799055098002501,3,12,14,1,3.3756427793137336,1.2229998821183679,0.7346589162700354,-1.050557630173792,-0.6715825019736673,2,0.7810063256644396,1.1531288910767832,0.4906475422796953,1.3692024947665968,0.6044043578158694,0.47543095896659043,1.4807521592932393,-0.0011271808545563707,-0.5423530524101737,Low,79.0579990347465
VSL-1101,Sewol,5,19.96712328767123,-0.15344779407840936,1,0,2,2005-03-20,False,POL-5101,-1.6981851041945426,0.9587508659284391,-1.3631528029991915,6,2013-02-03,-1.4613562221315586,2012-05-09,34.2167,125.9333,0.3782108057873489,1.359493698274664,0,17,34,8,-0.2945314846859766,0.15358050499276069,-0.5903772052590865,0.7136734960676822,1.1254827591137293,5,1.5615085769582517,-0.005342889249690847,1.0507343863099932,-1.5776932320039252,-1.336537449894869,0.9661280496431173,-0.5801714694439989,-1.327598258665142,-1.61562395542026,High,47.71744820794494
VSL-1102,Exxon Valdez,6,13.994520547945205,0.2511366970411902,1,3,1,2011-03-09,True,POL-5102,1.699215172278296,-0.660760731923654,2.693937539396615,3,,1.720582269695157,2018-09-10,60.8372,-146.8953,-1.3920817726115828,-0.6256158525883362,33,48,25,6,0.16424029831398715,-0.2920109021429088,-0.5903772052590865,-1.4286071572255366,-1.2819065529090095,5,0.6590528488997813,-1.6658432727526882,1.215212864499313,0.34419528545511086,0.8996706730828272,-1.6509231006316927,-1.259632228293307,-1.1922203519065497,1.4162726222940092,Low,30.360324142790947
VSL-1103,Titanic,7,20.232876712328768,0.1990428583192995,2,5,6,2004-12-13,True,POL-5103,0.48790375239753864,-1.4705165308497006,-0.3419374740028269,1,,0.7122825302436397,2010-06-07,41.7325,-49.9469,0.031798841820542406,1.111355004416789,41,17,34,1,-0.7533032676859402,-0.7376023092785784,-0.5903772052590865,0.4616404780331858,-1.5870685783766807,4,1.2200388420172088,0.5354705951830688,0.9733327495150192,1.3692024947665968,1.6343627398941403,-0.8330946161708146,-1.11472353564772,-1.147481730359719,0.47825966577164214,Medium,41.73456681553844
VSL-1104,Sewol,6,18.997260273972604,1.4708885067892006,1,6,1,2006-03-09,False,POL-5104,-0.38849922375595086,-0.012956092782816757,0.20232084875233822,5,,-0.32414564269423635,2002-03-25,34.2167,125.9333,-0.974997133721782,-0.6623771405672806,25,36,27,8,0.16424029831398715,-0.2920109021429088,-0.5903772052590865,-1.5546236662427846,1.3967378928627703,5,-0.19462148845282598,0.03670427173837881,-0.21671741620770568,-0.07221389332768022,-0.6947674293587457,0.8025623527509417,-1.7458813969484992,-0.9865388970029373,-0.1064150181407287,Low,45.61391343768707
VSL-1105,Deepwater Horizon,5,22.797260273972604,-1.5621236199006248,2,4,7,2002-05-22,True,POL-5105,0.0776787253969135,1.2826531854988577,0.07578604657606305,0,,0.7822244824788295,2005-08-13,28.7361,-88.3653,0.6469986841829983,-1.507886764083003,18,18,27,3,-0.5239173761859585,0.15358050499276069,-0.5903772052590865,0.650665241559058,-0.19688601791284552,2,0.8663737593997002,0.16502060785714345,-1.1928380580109883,-1.4815988061309733,1.4563345203949454,-0.8330946161708146,-1.6396150223417354,-1.1724656358988583,-0.24763749989210562,High,32.58338401052435
VSL-1106,Prestige,4,17.104109589041094,-0.7545906396444858,0,8,2,2008-01-29,True,POL-5106,1.248125622557501,-1.1466142112792819,0.9322949561026629,8,2014-06-05,1.669653903563215,2008-10-03,42.15,-9.0,1.3768968022401495,0.7161711586431362,25,46,19,1,-0.5239173761859585,-0.7376023092785784,0.14575397336820345,0.587656987050434,0.7864138419274281,1,1.4468723087994735,0.8718478830876272,-1.0294346025549321,-1.5776932320039252,0.12589924101559327,1.4568251403196442,-0.7991446049973303,-1.0835694138642462,1.0114457004262576,Low,25.865263112909666
VSL-1107,Herald of Free Enterprise,1,12.580821917808219,-0.005846534963718533,1,0,4,2012-08-06,True,POL-5107,0.4369953848689305,0.9587508659284391,1.1278149485616822,5,,0.3250060836772372,2018-03-23,-19.963759,137.447737,0.6574258001552433,1.350303376279928,30,4,22,7,0.8523979728139329,2.3815375406711086,1.6180163306227833,1.4697725501711711,-0.2646998013501058,1,0.2468500974352368,1.3147929755653966,-0.011388074154371954,-1.3951138228453166,0.1701891883056371,1.6203908372118199,-0.19374828905576666,-1.323531111251794,0.711777749254419,Medium,56.32322570877148
VSL-1108,Bulgaria,4,14.854794520547944,-1.3152574449905343,1,9,1,2010-04-29,True,POL-5108,-1.4381557887613756,-1.4705165308497006,-1.2300415486029443,5,,-1.1587276561950475,2001-06-06,-48.715998,107.577954,-1.6029412289392042,-1.5905996620356277,0,29,17,4,2.045204608613839,-0.2920109021429088,0.14575397336820345,-0.6094998486134234,-1.5192547949394204,1,1.3883346399524374,-0.06660125310299958,0.9905331132472357,-0.8928602902826887,1.5014928980240092,1.4568251403196442,-1.3369168643709535,1.7889987020777325,-1.095996665438625,Low,40.48463164921908
VSL-1109,Herald of Free Enterprise,4,12.35890410958904,0.13899381709935818,0,6,1,2012-10-26,True,POL-5109,0.6196535975671397,-1.6324676906349098,1.1804378511258138,5,,0.6124983760290205,2001-10-28,43.738408,118.339421,-0.5080940518534774,-1.3240803241882806,18,20,20,4,0.48538054641396183,-0.2920109021429088,0.14575397336820345,1.406764295662547,-1.5870685783766807,2,-1.5873301931052226,1.7410641938582416,-0.5338491225204461,1.2974519901147927,-0.4073169871429719,-0.8330946161708146,1.3809261710262792,1.0383194937854516,0.2826917175875921,Medium,37.882535208495675
VSL-1110,Exxon Valdez,0,12.205479452054794,0.5414050251884944,2,8,5,2012-12-21,False,POL-5110,-0.007246070434705788,-0.4988095721384447,-0.8643286608356383,8,2002-09-06,0.13183460058291624,2001-01-26,60.8372,-146.8953,0.8358453401247694,0.4496518207957889,43,16,24,6,-0.5239173761859585,-0.7376023092785784,-0.5903772052590865,0.9026982595935543,0.44734492474112686,3,-1.0678083820877786,-0.7868401227865741,0.698126929799556,0.34419528545511086,-0.9023222803846367,-0.5059632223864633,-0.019857857881062174,1.4816385618404133,0.5020230229268475,High,24.980901960288154
VSL-1111,Herald of Free Enterprise,2,11.654794520547945,-0.48056602169878015,1,7,7,2013-07-10,True,POL-5111,1.2839080728138041,0.31094622678760186,-0.22555562789805306,1,,2.175332965827392,2008-05-22,-22.3371,102.72319,0.14649711751523742,-0.6348061745830722,46,47,35,4,-0.5239173761859585,-0.024656057861507055,1.6180163306227833,0.587656987050434,0.48125181645975695,1,0.6858826137880061,1.1223184713872496,-0.7789543057045304,-1.4815988061309733,-0.5783977639300033,0.3118652620744148,-1.1565860468564453,-1.4914461973171724,0.9895145248603333,High,23.159423379416097
VSL-1112,Titanic,1,15.926027397260274,-0.2246370988682051,0,5,6,2009-04-03,True,POL-5112,-1.0879857357080525,-0.012956092782816757,-1.1649161886739448,6,2001-07-05,-1.251636801889946,2011-01-22,41.7325,-49.9469,-1.6712967669794772,1.350303376279928,11,26,33,1,-0.7533032676859402,-0.7376023092785784,-0.5903772052590865,-0.7355163576306717,1.023762083957839,4,1.6273634544111673,-0.2960482609085872,1.4226922520191736,0.8887303654018378,-0.4967653120620797,-0.015266131709936454,-1.362678409730169,-1.6099744933633222,-0.9469258284377068,Low,32.44671235452332
VSL-1113,Prestige,3,17.40821917808219,-1.682817282866129,1,2,4,2007-10-10,True,POL-5113,-1.5861335428263714,0.7967997061432298,-1.2256122000605894,5,2003-05-06,-1.457463795758134,2015-01-01,42.15,-9.0,0.7165127906646319,1.129735648406261,3,32,19,1,-0.5239173761859585,-0.7376023092785784,-0.5903772052590865,-0.7355163576306717,-0.875023852285448,0,0.6151495972645045,-1.7071654826892395,1.5688953437430133,0.7285729889469181,-0.7642418564803828,-1.487357403739517,-0.725080162089586,0.43521963449180795,-1.5740680258613808,High,14.68038206205706
VSL-1114,Deepwater Horizon,2,15.783561643835617,-1.2417846234174152,0,2,0,2009-05-25,False,POL-5114,0.3222630953373719,-1.4705165308497006,0.5080624156647913,0,,0.20173423648390895,2019-02-16,28.7361,-88.3653,0.6724871898929309,-0.38666748072519724,16,24,30,3,-0.06514559318599468,0.15358050499276069,-0.5903772052590865,1.2807477866452988,-1.6209754700953107,2,-0.7360949252879085,0.6471130571169093,-0.6327512139806907,0.08794348312723946,-0.575792472912942,1.2932594434274685,0.759428889235206,-0.24980419412785068,0.13434554075434674,High,42.33820074960824
VSL-1115,Exxon Valdez,1,16.797260273972604,-0.9844709794813623,0,8,8,2008-05-20,True,POL-5115,-0.476300387338903,-0.3368584123532354,0.31792459628689174,5,,-0.45996596161090875,2016-05-27,60.8372,-146.8953,-0.6193166222240908,-0.046625566919961114,17,3,21,6,-0.5239173761859585,-0.7376023092785784,-0.5903772052590865,-0.7985246121392957,-0.4003273682246263,5,-1.223908832346541,-1.1170553267532255,0.1036393583048255,0.34419528545511086,0.21187384457861944,-0.669528919278639,0.1797941186528578,1.6100442158904082,-0.16950692327912617,Medium,33.570709757440824
VSL-1116,Empress of Ireland,2,16.38082191780822,-0.45004241126286937,0,1,5,2008-10-19,False,POL-5116,1.206787038382381,-1.1466142112792819,-0.3556561266521984,1,,0.360262944078782,2011-06-24,11.650499,91.083469,0.19515699205238102,0.9275485645220667,1,17,46,7,1.8616958954138532,2.3815375406711086,-0.5903772052590865,0.650665241559058,0.9559483005205787,5,-1.3946436998170628,-0.7542173254682442,-1.079960671018318,0.08794348312723946,-1.2479575553147815,-0.9966603130629902,-1.5687707726038929,-0.7820194842174243,0.9320822520868072,High,68.89543367039045
VSL-1117,Deepwater Horizon,0,18.293150684931508,0.38441017223102203,1,4,8,2006-11-21,False,POL-5117,1.0663472816914115,1.4446043452840671,1.4100539625821045,4,,-0.10004596135295174,2015-04-14,28.7361,-88.3653,0.3666251213737436,0.21989377092738613,42,0,33,3,-0.06514559318599468,0.15358050499276069,-0.5903772052590865,-0.6094998486134234,-1.3836272280648998,5,0.9712537494173062,0.5409077280694569,-1.5411454235883715,1.1129506924387251,-0.7833473239388331,-1.3237917068473415,-0.6091532079731162,1.4264415612306864,0.5033369777524046,High,45.73422695875946
VSL-1118,Empress of Ireland,0,22.90958904109589,-1.8123885241935085,3,5,8,2002-04-11,False,POL-5118,-0.3233457221516974,0.9587508659284391,-0.39815889709691776,1,,-0.6344726701402433,2015-02-27,-69.692805,75.158027,-1.4859258163617879,1.6535840021062196,19,16,23,1,0.9441523294139255,2.4260966813846756,2.280534391387344,-0.0424255580358068,-0.12907223447558527,1,1.3249188320348153,1.6761810747473411,0.3519696096887004,0.38903935086248853,1.1454364590256185,0.9661280496431173,-0.911851365943898,-1.2753063633506645,-0.2724180012596619,Medium,76.5331928954734
VSL-1119,Bulgaria,5,20.14246575342466,1.3416839879860991,1,9,8,2005-01-15,False,POL-5119,1.6785142355886489,0.9587508659284391,0.4714540076730227,4,2007-05-11,0.4333877831540773,2012-04-23,28.464685,0.087139,-1.0873782725337562,1.6811549680904279,45,31,34,0,-0.2945314846859766,0.15358050499276069,2.8694393342891766,1.406764295662547,1.26111032598825,3,-0.07998522029404734,-1.4135603068242695,-1.4164427865298022,-1.5905058221203188,-1.5136972390550438,0.8025623527509417,-1.401320727768992,-0.6681393566436727,1.7360214599519823,Low,54.82105565831695
VSL-1120,Costa Concordia,0,12.810958904109588,-1.4083959970065894,3,1,8,2012-05-14,True,POL-5120,-0.7082112713531453,-1.1466142112792819,-0.23776141303439624,0,,-0.1292326229340407,2004-05-04,42.3636,10.9214,0.5010190605715683,-1.011609376367253,37,37,43,5,-0.2945314846859766,-0.7376023092785784,-0.5903772052590865,1.3437560411539229,1.2272034342696196,3,0.16148266369997571,-0.7585670317773547,-0.17694157507695507,-0.39252864623751954,1.0733567408869202,-0.3423975254942877,-0.14544539150723781,0.2510359587730362,-0.34409978742037023,Low,25.93842536410316
VSL-1121,Titanic,7,17.284931506849315,-1.3712896087621047,0,1,1,2007-11-24,True,POL-5121,-0.9796107707887992,-0.3368584123532354,-0.92087912771284,8,,-1.0024597796119148,2013-10-29,41.7325,-49.9469,1.2123800835669507,-0.6715674625620167,22,36,37,1,-0.7533032676859402,-0.2920109021429088,-0.5903772052590865,0.5246487325418099,-0.33251358478736603,5,-1.5824520540346363,-0.39971626127572474,1.6376967986718791,1.3692024947665968,1.5605461610774007,-0.015266131709936454,-1.8070650671766357,1.5664676364616767,-1.053311261128938,High,47.11747812149094
VSL-1122,Prestige,3,13.484931506849316,-0.18218943684013722,3,0,1,2011-09-11,True,POL-5122,-0.2878798191789944,1.1207020257136484,0.7325459015286956,5,2002-09-09,-0.09105486557432221,2009-06-13,42.15,-9.0,-1.404826025466549,0.9367388865168028,20,4,21,1,-0.5239173761859585,-0.2920109021429088,-0.5903772052590865,1.532780804679795,0.5829724916156473,0,0.6639309879703676,0.6612496026215189,-1.212188467209732,1.3692024947665968,-0.6730566708832341,-1.487357403739517,-0.08426172127910092,0.044773482810374056,-0.3448692355844749,Medium,21.345836600811285
VSL-1123,Titanic,7,23.67945205479452,0.5179943850863955,2,0,1,2001-07-04,False,POL-5123,-0.7851706904727879,1.1207020257136484,0.11755005190004059,0,,-1.237036129381437,2012-02-08,41.7325,-49.9469,0.39327219552503645,1.111355004416789,37,22,8,1,-0.7533032676859402,-0.2920109021429088,-0.5903772052590865,0.7766817505763062,-0.19688601791284552,2,-0.37755170359981327,-0.1090108896168284,0.6820015888006032,0.8887303654018378,-1.3981960039653218,1.129693746535293,-0.5350887650653718,-0.5536782080108714,-0.9684567162931222,High,49.02263021983496
VSL-1124,Costa Concordia,3,19.326027397260273,-1.0993508969613937,3,0,0,2005-11-09,True,POL-5124,-0.20543003628151346,0.7967997061432298,0.5212499787800263,5,,-0.5033481853601668,2004-11-06,42.3636,10.9214,-0.7757233618077662,1.6627743241009556,1,15,26,5,-0.2945314846859766,-0.7376023092785784,-0.5903772052590865,0.8396900050849303,0.9220414088019486,0,1.3346751101759877,1.44383426273568,-0.18016664327674578,-0.39252864623751954,-0.12507712696132073,-0.669528919278639,-0.46102432215762723,-1.0045505498334797,-0.5757693845602445,Low,22.01160519138532
VSL-1125,Bulgaria,0,20.016438356164382,1.1384246654737167,3,5,2,2005-03-02,True,POL-5125,-0.018123003695536516,1.4446043452840671,-1.0387393334545183,1,,0.40202555041157806,2015-07-17,73.894359,-10.332321,0.6423644104175562,1.1573066143904696,3,48,37,5,1.9075730737138497,0.8665267564098322,2.8694393342891766,-0.10543381254443088,1.4984585680186606,4,-1.428790673311167,1.237223213052923,1.4882686387482489,-1.5776932320039252,-1.2401416822635973,-0.015266131709936454,0.9623010589390281,-0.7576165997373346,-0.22517964472949895,High,68.44025681092519
VSL-1126,Titanic,0,24.882191780821916,0.9987515567418737,1,8,4,2000-04-21,False,POL-5126,0.5533994207552421,0.9587508659284391,1.4174358331547776,3,2015-05-08,1.2208991282338395,2015-11-26,41.7325,-49.9469,-0.6054138009277642,-0.8369932584672667,2,25,4,1,-0.7533032676859402,-0.7376023092785784,-0.5903772052590865,-0.6725081031220476,1.2272034342696196,3,-0.7019479517938041,0.24150294379233933,0.6164252020715282,1.3692024947665968,0.11634650728636821,-0.9966603130629902,-1.4399630458078154,-0.629791966746389,1.0366806116717457,Medium,41.04872874990708
VSL-1127,Deepwater Horizon,5,22.465753424657535,-0.35861161443383566,3,6,2,2002-09-20,True,POL-5127,-1.333671540326604,-0.4988095721384447,-1.3902531726917335,3,2005-11-02,-0.9954561004136987,2005-06-27,28.7361,-88.3653,0.14302141219115602,0.87240663255365,4,27,42,3,-0.2945314846859766,0.15358050499276069,-0.5903772052590865,-1.2395823936996642,1.4645516763000306,5,0.42490217351163745,-0.8056888501260536,-0.14576591581231288,-1.5776932320039252,1.5275458081946234,-1.6509231006316927,1.5193944773320625,-0.7698180419773795,-1.0447303136694217,High,35.0394233129064
VSL-1128,Estonia,2,15.405479452054795,0.2702916198970553,2,6,2,2009-10-10,True,POL-5128,0.2146518032713724,1.2826531854988577,-0.2551943748410403,0,,0.8328600530278327,2004-06-07,59.3833,21.6833,0.585594556790889,1.5892517481430668,40,40,29,2,-0.7533032676859402,-0.9603980128464132,-0.5903772052590865,-0.987549375665168,-0.19688601791284552,2,-0.8702437497290325,-0.2935109322282726,1.0077334769794521,-1.5776932320039252,0.8710124718951521,0.6389966558587661,0.6628230941381477,0.1621397367384241,0.02344737690562534,High,13.28199132144955
VSL-1129,Prestige,6,12.076712328767123,1.01388265829092,3,7,2,2013-02-06,False,POL-5129,-0.8510641694522523,0.7967997061432298,0.05402125302193654,5,,-0.40694662009289506,2015-10-11,42.15,-9.0,0.8439553192142935,-1.2781287142146,27,21,17,1,0.16424029831398715,0.5991719121284305,-0.5903772052590865,0.020582696472817283,0.9220414088019486,0,-0.6726791173702861,-0.6404000103798484,1.1872622734344611,-1.5776932320039252,0.8631965988439679,-1.1602260099551658,0.36656532250717005,0.5589771200694055,-0.9753375626859295,Low,11.920315724818686
VSL-1130,Empress of Ireland,1,17.019178082191782,0.5391446545999974,1,9,6,2008-02-29,False,POL-5130,-1.711980834289185,0.6348485463580205,-1.1485073291458228,5,2018-08-10,-1.4612330485182732,2004-12-04,56.268134,-27.791244,-0.9518257648945709,0.5783163287220945,10,44,28,5,1.4029241124138896,-0.8712797314192793,3.0166655700146348,-1.6176319207514087,-1.0106514191599685,0,-0.12632754146461755,-0.8727468223915098,-0.07373939268365655,-0.3989349412957162,0.9674082395264235,1.4568251403196442,1.6771839426572572,0.30042274879226527,-1.4670412595074667,Low,42.38950604095299
VSL-1131,Empress of Ireland,5,11.652054794520549,1.4976307523090973,2,8,5,2013-07-11,False,POL-5131,-0.9622723135699096,-0.4988095721384447,-1.304055966515676,6,2015-10-10,-1.2310780362577374,2009-06-24,-36.188084,86.528497,-1.4720229950654613,-0.8369932584672667,15,40,42,4,-0.2945314846859766,0.15358050499276069,2.5013737449755316,-0.2944585760703031,0.040462224117565344,3,-1.1970790674583165,0.5833173645832859,-0.70262769164282,0.9268478209981086,0.31261176390499334,-0.17883182860211208,1.3744857846864755,-0.037731507574690744,-1.2072937148691651,Low,42.816801968996046
VSL-1132,Sewol,0,12.432876712328767,-1.3431529496676469,2,1,2,2012-09-29,True,POL-5132,1.6737298755412198,1.1207020257136484,1.4362925401665587,2,,1.990274732861027,2006-06-21,34.2167,125.9333,0.6134001993835422,-0.9472771224041,20,7,19,8,-0.5239173761859585,-0.2920109021429088,-0.5903772052590865,0.8396900050849303,1.6340861348931812,5,0.42002403444105124,-1.1351791030411866,-1.4895443323917221,-1.5776932320039252,1.472834696836334,-0.8330946161708146,-1.5397890340747755,-0.03366436016134246,0.5677398331548811,High,25.08516904811461
VSL-1133,Deepwater Horizon,7,23.80821917808219,-1.834890242157526,3,1,8,2001-05-18,False,POL-5133,-1.3661583951431213,-1.3085653710644913,-0.6413773196449857,2,,-1.3357398212867884,2008-11-20,28.7361,-88.3653,0.4847991023925204,-1.5538383740566835,1,43,2,3,-0.06514559318599468,0.15358050499276069,-0.5903772052590865,-0.8615328666479198,-0.2986066930687359,1,-0.050716385870529346,0.7351946098764,0.9733327495150192,1.3692024947665968,-0.1658933528952828,-1.3237917068473415,1.6514223972980417,-0.714621041367653,-1.0402168614171765,Medium,39.83653345373574
VSL-1134,Prestige,1,23.53150684931507,-1.457646036366645,1,7,4,2001-08-27,True,POL-5134,-1.314770092921416,0.14899506700239257,-0.5648638579312867,2,,-0.9222873954958927,2017-03-21,42.15,-9.0,-0.3146131221462643,-1.0851319523251417,32,46,26,1,-0.5239173761859585,-0.7376023092785784,-0.5903772052590865,-0.42047508508755127,1.057668975676469,4,-0.04339917726464979,-1.7445004618424393,0.5712742472744599,0.7285729889469181,0.057293244232976645,0.47543095896659043,0.012344073817957057,-0.1847298355142783,-1.186452594207458,High,47.80513271168797
VSL-1135,Titanic,1,20.084931506849315,-0.20270029272166515,3,9,3,2005-02-05,True,POL-5135,0.6890632728364613,-0.012956092782816757,0.4679059797309241,2,2007-02-11,-0.5205782996915799,2007-03-27,41.7325,-49.9469,0.41644356435224755,-0.21205136282521111,16,41,33,1,-0.7533032676859402,-0.7376023092785784,-0.5903772052590865,-0.0424255580358068,0.9898551922392088,1,-0.8800000278702051,0.7355570854021594,-1.4723439686595057,0.8887303654018378,-1.089903233613057,1.4568251403196442,-1.0470994790797794,0.90119852384971,0.16362611406036634,High,35.800655488332346
VSL-1136,Prestige,1,21.16986301369863,0.7631497668713932,0,9,8,2004-01-06,False,POL-5136,-1.7594991788853778,-1.4705165308497006,-1.2372010406701972,6,2018-04-05,-1.6038823211242206,2009-11-01,42.15,-9.0,1.4846436672866814,-0.9288964784146279,8,17,29,1,-0.5239173761859585,-0.7376023092785784,-0.5903772052590865,-0.6725081031220476,0.9220414088019486,1,1.5005318385759228,-0.6233636606691649,-1.5959715829848113,1.3692024947665968,-1.1098771314105278,1.129693746535293,0.5114740151527571,1.6710514270906325,-1.6758522731052092,High,37.85882739032153
VSL-1137,Sewol,5,12.402739726027397,-0.7787092639808315,1,4,3,2012-10-10,True,POL-5137,0.6166061970704452,-0.4988095721384447,0.4090982252511775,0,,0.80743193292322,2003-01-11,34.2167,125.9333,1.603976216746819,0.38531956683263613,33,26,27,8,-0.2945314846859766,0.15358050499276069,-0.5903772052590865,1.532780804679795,-1.0445583108785987,3,-1.2873246402641636,0.42237823114619133,-0.8305553969011797,-0.07221389332768022,0.008661145247830739,-0.015266131709936454,-0.44492335630811763,1.4822195828994629,0.7599521268370266,Medium,34.1916586486186
VSL-1138,Estonia,2,18.797260273972604,-1.0387676126321197,2,7,8,2006-05-21,False,POL-5138,-0.08605611651578059,0.14899506700239257,-1.0673015000087533,8,,-0.08936039214906742,2019-01-01,59.3833,21.6833,-1.592514112966959,1.3135420883009834,28,32,45,2,-0.7533032676859402,-0.9603980128464132,-0.5903772052590865,-1.6176319207514087,-0.33251358478736603,5,1.1005244347878442,-0.935092612822096,1.7258486627994882,0.08794348312723946,-1.302668666673071,0.6389966558587661,-0.9923561951914465,0.06743330411331445,-0.06520293059739135,Low,35.4023834314879
VSL-1139,Estonia,6,17.912328767123288,0.2511366970411902,3,0,2,2007-04-09,True,POL-5139,0.06681136146375406,0.31094622678760186,0.2065443564312898,1,,0.1462540912978415,2015-09-25,59.3833,21.6833,1.4197638345704904,1.5433001381693863,0,6,34,2,0.16424029831398715,0.5991719121284305,-0.5903772052590865,-0.42047508508755127,0.7186000584901678,2,-0.22389032287634397,1.0244500794322595,-1.0057841024231347,-1.5776932320039252,0.3725334572974052,-0.669528919278639,0.9139981613904989,0.5781508150180472,0.659892497881568,Medium,28.9473802837012
VSL-1140,Estonia,7,20.34794520547945,-0.21401502073502232,0,3,6,2004-11-01,True,POL-5140,-1.4408680602641242,1.4446043452840671,-1.0848787012189474,6,2001-11-10,-1.006259370761029,2003-08-11,59.3833,21.6833,-0.6436465594926626,0.7345518026326083,31,8,17,2,-0.7533032676859402,-0.9603980128464132,-0.5903772052590865,0.7136734960676822,-0.8072100688481878,5,0.3029486967469792,-0.6962212413467685,1.4861185932817218,0.4723211866190467,-0.5497395627423279,0.6389966558587661,0.988062604298243,-0.9929301286524845,-1.5226888628238835,Medium,46.77468345569467
VSL-1141,Prestige,6,24.59178082191781,0.04199722839692701,3,0,5,2000-08-05,False,POL-5141,0.2709062351923005,1.4446043452840671,-0.8339455189363285,4,,-0.4029938243836461,2001-10-22,42.15,-9.0,-1.043352671762055,-0.22124168481994724,39,13,0,1,0.16424029831398715,0.5991719121284305,-0.5903772052590865,-1.3025906482082883,-1.0784652025972288,3,-0.2141340447351713,1.074109226461273,-1.0874858301511627,1.3692024947665968,-0.43858047934770855,0.8025623527509417,-1.61385347698252,-1.2991282267717044,-0.3993776694317147,High,59.79768826832523
VSL-1142,Deepwater Horizon,2,23.024657534246575,0.9443205309974064,0,8,6,2002-02-28,True,POL-5142,-1.424349831131339,0.9587508659284391,-0.628275460723182,6,,-1.4039389210038054,2018-07-04,28.7361,-88.3653,0.5658988932877593,-1.0851319523251417,16,31,23,3,-0.06514559318599468,0.15358050499276069,-0.5903772052590865,1.406764295662547,0.9898551922392088,4,-1.175127441640678,-1.500916908532242,0.4637719739481071,0.08794348312723946,-0.9014538500456162,1.2932594434274685,0.7111259916866769,0.6513594684583159,-1.3388219990421988,Low,61.31634505040641
VSL-1143,Estonia,6,18.616438356164384,1.4865042317924206,3,5,1,2006-07-26,True,POL-5143,-0.39742462174821325,-0.012956092782816757,-0.5334644804433505,1,,-0.11942921586827589,2004-10-20,59.3833,21.6833,1.3711039600333468,0.23827441491685833,14,41,3,2,0.16424029831398715,-0.2920109021429088,-0.5903772052590865,-1.5546236662427846,-0.9089307440040781,1,-0.36047821685276127,-1.3986988102681415,1.2947645467608138,0.4723211866190467,1.53970383294091,-0.3423975254942877,-1.8135054535164399,-1.391510575160615,-0.1254349739385734,High,28.13173781960147
VSL-1144,Prestige,6,18.22739726027397,-0.039816613809252,2,0,8,2006-12-15,False,POL-5144,-1.6771763794471528,-0.17490725256802606,-1.1349685296366852,7,,-1.3064880311657674,2006-04-24,42.15,-9.0,-0.018019601157961536,-0.5153319886515028,3,9,34,1,0.16424029831398715,0.5991719121284305,-0.5903772052590865,1.406764295662547,0.2778104661479762,3,0.3712426437351881,1.139354821097933,-0.6456514867798531,0.7285729889469181,0.07987243304750886,1.6203908372118199,-0.8474475025458594,1.3416124866094226,-1.5378023679096777,Medium,58.65341043749098
VSL-1145,Titanic,1,16.87945205479452,-0.795083750183198,1,6,0,2008-04-20,True,POL-5145,0.9494009332723675,-1.6324676906349098,0.8785321877658896,5,2015-02-12,1.8763468143275954,2001-09-25,41.7325,-49.9469,-1.498670069216754,-0.5612835986251834,39,28,40,1,-0.7533032676859402,-0.7376023092785784,-0.5903772052590865,0.7136734960676822,-0.4003273682246263,1,1.5102881167170956,1.0451111844005354,-1.1154364212160144,1.3692024947665968,0.6773525062935885,-0.8330946161708146,-0.006977085201454424,1.3317351286055767,1.4095021434594934,High,26.220357254324686
VSL-1146,Bulgaria,2,14.441095890410958,-1.3929007768801833,1,7,5,2010-09-27,False,POL-5146,0.803153708574962,-1.6324676906349098,1.0138739377792862,7,,0.23997988936269168,2007-01-04,-53.482625,63.387654,0.9354822260817773,-1.186225494267239,0,16,22,5,2.1828361435138275,1.312118163545502,2.059695037799157,0.5246487325418099,-0.4342342599432564,4,0.31026590535285903,-1.1163303757017071,0.5519238380757164,0.08794348312723946,0.6851683793447726,-0.5059632223864633,0.952640479429322,0.9959049564748194,1.4186607679391792,Low,68.97433773546074
VSL-1147,Costa Concordia,6,17.715068493150685,0.2511366970411902,0,6,3,2007-06-20,True,POL-5147,-1.053882322722823,-1.3085653710644913,-0.6737999197496346,2,2009-09-02,-0.7692344412223755,2003-12-23,42.3636,10.9214,0.9829835321775602,-0.8369932584672667,12,38,9,5,0.16424029831398715,0.5991719121284305,-0.5903772052590865,0.9657065141021784,1.0915758673950993,4,0.6395402926174361,0.9360060511470093,-1.1788627624785626,-0.39252864623751954,-0.11899811458817745,0.9661280496431173,0.7851904345944215,-0.888346338023529,-1.1304986458027448,High,52.38738092312916
VSL-1148,Prestige,1,22.054794520547944,1.2860538446859167,2,9,1,2003-02-17,True,POL-5148,1.402934307007483,-0.4988095721384447,0.22420158173294608,2,,1.878470575341964,2010-06-06,42.15,-9.0,1.334029769909809,1.6627743241009556,33,22,34,1,-0.5239173761859585,-0.2920109021429088,-0.5903772052590865,0.8396900050849303,-1.41753411978353,1,-1.2458604581641797,1.248822429877218,0.09396415370545377,1.3692024947665968,1.049040691394347,0.3118652620744148,0.952640479429322,-0.36136023746540313,1.3382708011555668,Medium,43.363001638615415
VSL-1149,Costa Concordia,6,24.515068493150686,0.2511366970411902,2,8,1,2000-09-02,True,POL-5149,-1.5431667046376079,1.4446043452840671,-1.4242362928462864,0,,-1.5990683800205723,2007-06-02,42.3636,10.9214,0.8532238667451777,-0.7450900385199056,44,25,4,5,0.16424029831398715,-0.2920109021429088,-0.5903772052590865,-1.6176319207514087,1.1593896508323593,1,-0.40194239895274503,-1.3635386842694968,-0.7907795557704291,-0.39252864623751954,-1.4789600254942252,-1.487357403739517,-0.47390509483723503,0.7112046375404406,-1.3884359621809639,High,28.4423018610805
